seller_id,seller_state,total_orders,late_rate,avg_delay_days,avg_review_score,total_revenue_at_risk,canceled_orders,reliability_score,reliability_tier
b1b3948701c5c72445495bd161b83a4c,SP,14,64.29,4.07,1.93,18307.86,0,59.71,High Risk
2709af9587499e95e803a6498a5a56e9,SP,25,50.0,-4.48,2.54,4206.39,0,83.96,Reliable
c37b2059d4f90d4feead554e5246565e,SP,12,43.75,-4.38,3.75,1971.67,0,86.89,Reliable
cb41bfbcbda0aea354a834ab222f9a59,SP,11,36.36,9.55,3.27,1727.89,0,62.72,Watchlist
26e2c91ef821e1ff8985f408788fe35b,SP,12,35.71,-0.64,3.0,479.71,0,83.42,Reliable
02dcd3e8e25bee036e32512bcf175493,MG,13,33.33,-5.93,3.93,700.14,0,95.2,Reliable
54965bbe3e4f07ae045b90b0b8541f52,PR,73,32.1,-2.4,2.88,4958.27,0,88.75,Reliable
821fb029fc6e495ca4f08a35d51e53a5,SP,24,32.0,-4.88,3.36,3565.53,0,93.76,Reliable
ede0c03645598cdfc63ca8237acbe73d,SP,43,31.91,-4.19,3.51,978.75,0,92.42,Reliable
ad781527c93d00d89a11eecd9dcad7c1,SP,38,31.58,-9.08,3.34,2511.61,0,102.37,Reliable
b19f3ca2ea475913750f25a5c37c8d8f,MG,19,31.58,-7.05,3.26,1688.71,0,98.31,Reliable
7f152321c60a266edc53af1925ef96c1,SC,20,30.0,-6.4,3.8,1560.76,0,97.8,Reliable
c4d51195486dc781531876a7d00453d8,SP,17,29.41,-12.82,3.94,2163.39,0,110.94,Reliable
2a1348e9addc1af5aaa619b1a3679d6b,MG,48,29.41,0.71,2.98,1424.16,0,83.88,Reliable
f76a3b1349b6df1ee875d1f3fa4340f0,SP,24,29.17,-5.54,3.46,1257.25,0,96.49,Reliable
054694fa03fe82cec4b7551487331d74,SP,20,28.57,-1.95,3.29,2550.58,0,89.62,Reliable
822bad9bc42b51213ba522fe87b7ab5d,SC,18,27.78,-4.44,4.11,1228.47,0,94.99,Reliable
2e1a7d075abe038c1b2743005fe42ff1,SP,18,27.27,-6.05,3.82,1516.02,0,98.46,Reliable
e504a4e2efaa45cbff7e268a2c58c956,SP,10,27.27,-7.27,3.91,378.99,0,100.91,Reliable
91f0eec23d4a61d7d7caeefa3f0ad1ca,SC,11,27.27,-5.73,3.55,672.99,0,97.82,Reliable
eb4df17aed01d918c65f0f8d650900c0,SP,11,27.27,-10.55,3.91,982.86,0,107.47,Reliable
835f0f7810c76831d6c7d24c7a646d4d,SP,42,27.08,-5.67,3.31,2142.64,0,97.8,Reliable
3a1a1fec38dd360f15fc912e821e169d,SP,15,26.67,-5.2,3.87,808.25,0,97.06,Reliable
02d35243ea2e497335cd0f076b45675d,RN,14,25.0,-6.25,2.69,2902.69,0,100.0,Reliable
e64d65bc8dbec2accda90c58de5d1246,SP,12,25.0,-7.33,3.08,517.09,0,102.16,Reliable
ecccfa2bb93b34a3bf033cc5d1dcdc69,PR,12,25.0,-13.62,2.5,116.17,0,114.74,Reliable
5b581417df4480f632484ba681e53944,SC,11,25.0,-4.33,3.5,958.54,0,96.16,Reliable
71039d19d4303bf9054d69e9a9236699,SP,35,23.68,-7.26,3.68,1274.4,0,102.68,Reliable
5b0cc932433fa5184b5b94bfe6bcc256,SP,12,23.53,-8.65,3.47,744.0,0,105.53,Reliable
a066df7361163e7ddc5d7452dd17448b,SP,15,23.53,-8.35,4.47,450.42,0,104.94,Reliable
5abb8ea023c77787f2c15da891c8d384,SC,13,23.08,-7.15,3.92,736.62,0,102.76,Reliable
0417b067eeab773d2f7061a726dc477f,SC,13,23.08,-3.92,3.92,407.88,0,96.3,Reliable
1dfe5347016252a7884b694d4f10f5c4,SP,20,23.08,-7.69,3.19,627.83,0,103.84,Reliable
bbad7e518d7af88a0897397ffdca1979,SP,68,22.62,-7.02,3.01,2872.52,0,102.73,Reliable
6ec1a01e866584bb679eb9b098345919,SP,30,22.58,-5.13,3.97,1422.12,0,98.97,Reliable
beadbee30901a7f61d031b6b686095ad,SP,64,22.06,-9.66,3.94,1509.05,0,108.29,Reliable
6039e27294dc75811c0d8a39069f52c0,SP,63,21.62,-7.09,3.86,11997.45,0,103.37,Reliable
7fc87cc3e89b3d1d5cabdca32f8485aa,SP,14,21.43,-9.0,3.57,710.52,0,107.28,Reliable
13074f016982ff2bd6c58ced8682f000,RS,13,21.43,-8.07,4.14,650.17,0,105.42,Reliable
5f67c6082caacb26e431a7b17940cece,PR,13,21.43,-1.86,3.57,295.15,0,93.0,Reliable
a49928bcdf77c55c6d6e05e09a9b4ca5,SP,96,21.15,-4.59,2.97,2396.53,0,98.6,Reliable
a44fb5a447105f8469bdf16bf9159f25,RS,19,21.05,-7.0,4.05,431.02,0,103.47,Reliable
4e5725ba188db8252977a4f0227bd462,SP,21,20.83,-2.75,3.54,290.31,0,95.09,Reliable
ef990a83bbea832f36ebe81376335aa8,SC,43,20.45,-8.45,3.66,1157.66,0,106.68,Reliable
712e6ed8aa4aa1fa65dab41fed5737e4,SC,77,20.0,-9.81,3.42,10104.96,0,109.62,Reliable
2aa3443d7bf9d9bb11133f420d75e083,RJ,10,20.0,-8.9,3.0,119.57,0,107.8,Reliable
ff69aa92bb6b1bf9b8b7a51c2ed9cf8b,SP,20,20.0,-9.1,3.65,5481.11,0,108.2,Reliable
a13580f0e8f782b7a543885a0ef99f08,RJ,10,20.0,-8.5,4.4,356.64,0,107.0,Reliable
66e0557ecc2b4dbea057e93f215f68d8,SP,30,20.0,-8.9,4.03,2365.57,0,107.8,Reliable
fdaaf5bfda82b7b80535610c831b8d09,SP,10,20.0,-10.87,3.93,1241.91,0,111.74,Reliable
851773c885feb5e2da3b4f82bc2b17ce,SP,10,20.0,-8.5,4.2,233.56,0,107.0,Reliable
602044f2c16190c2c6e45eb35c2e21cb,SP,48,20.0,-8.13,2.91,1373.59,0,106.26,Reliable
2a261b5b644fa05f4f2700eb93544f2c,SP,51,19.51,-9.11,3.34,3271.04,0,108.47,Reliable
3fd1e727ba94cfe122d165e176ce7967,SP,35,19.44,-8.81,3.97,530.48,0,107.9,Reliable
06a2c3af7b3aee5d69171b0e14f0ee87,MA,389,19.4,-11.26,3.95,9911.4,0,112.82,Reliable
ea566164622c6b439516ab18062c42cd,SP,50,19.23,-7.79,3.75,4971.74,0,105.97,Reliable
5011f0d93373a4c5753adf58ca77af8d,SP,11,19.05,-4.19,3.67,841.44,0,98.85,Reliable
5bc55dbe2f12b6af6d83ed46023e0dc8,MG,17,19.05,-9.62,2.33,771.22,0,109.71,Reliable
0d85bbda9889ce1f7e63778d24f346eb,MG,51,18.97,-10.12,3.78,6210.63,0,110.75,Reliable
86bb7c4b535e49a541baf3266b1c95b1,SP,16,18.75,-11.88,3.0,1858.02,0,114.39,Reliable
55bb6fe5bebe5012e2d7d9928e1128ff,SP,15,18.75,-9.31,3.56,615.19,0,109.25,Reliable
cac4c8e7b1ca6252d8f20b2fc1a2e4af,SP,74,18.29,-5.01,3.5,1018.36,0,100.88,Reliable
0249d282d911d23cb8b869ab49c99f53,SP,11,18.18,-8.36,4.27,83.48,0,107.63,Reliable
d32e3909cfb714fb2a6cb092c85b9c5f,SP,10,18.18,-10.64,3.64,1036.29,0,112.19,Reliable
39c763cca83e654764b7a4a650fb9b7c,GO,11,18.18,-6.82,3.82,162.12,0,104.55,Reliable
1b7e5006cb25dd23ce8686691013b121,SP,11,18.18,-6.36,4.36,633.82,0,103.63,Reliable
f593898ec748b7a8cb81fc04edafd98a,SP,19,18.18,-14.18,3.45,843.5,0,119.27,Reliable
d17f467e4bf608a510c20d82f4ba3b6b,RS,11,18.18,-7.18,4.27,539.28,0,105.27,Reliable
cd68562d3f44870c08922d380acae552,SP,122,17.83,-7.57,3.88,6228.5,0,106.23,Reliable
834f8533b2ecb6598dd004ff3de7203a,SP,41,17.78,-6.73,3.84,1250.78,0,104.57,Reliable
921323538c9f1c4e816f2720eac02bea,SP,15,17.65,-9.41,4.0,169.4,0,110.0,Reliable
9c068d10aca38e85c50202e17b4a7e88,MS,17,17.65,-13.41,3.88,618.66,0,118.0,Reliable
b64d51f0435e884e8de603b1655155ae,SP,17,17.39,-9.65,4.13,396.11,0,110.61,Reliable
ec8879960bd2221d5c32f8e12f7da711,SP,35,17.14,-8.71,4.17,669.77,0,108.85,Reliable
002100f778ceb8431b7a1020ff7ab48f,SP,50,16.67,-8.19,4.04,302.51,0,108.04,Reliable
cb5df0dcb9e280b1780e9d589889f2c7,SP,11,16.67,-16.33,3.25,391.37,0,124.32,Reliable
850913d59ce317156b00f3705f1c3edb,SP,29,16.67,-7.37,3.5,535.86,0,106.4,Reliable
70849ca4f400aaabb62cb7462a6f1428,MG,12,16.67,-11.0,4.42,170.31,0,113.66,Reliable
bd15ee794d5e640d9dd71b665b2ab15b,SP,12,16.67,-14.25,4.0,112.71,0,120.16,Reliable
8ca1551acf9832a4cf467bbbac15851f,PR,11,16.67,-11.0,3.67,408.64,0,113.66,Reliable
d20b021d3efdf267a402c402a48ea64b,SP,86,16.67,-5.84,3.66,1138.65,0,103.34,Reliable
99a54764c341d5dc80b4a8fac4eba3fb,SP,44,16.67,-10.17,3.45,2099.47,0,112.0,Reliable
81336a0f57a33776419727a300249e90,SP,15,16.67,-8.11,3.83,802.33,0,107.88,Reliable
bc07d855eac23aab5ac8a120f21d16b2,SP,11,16.67,-10.75,4.42,239.61,0,113.16,Reliable
59cd88080b93f3c18508673122d26169,SP,10,16.67,-8.42,4.75,180.36,0,108.5,Reliable
ccb83a794700270fde70898fe9ff368b,SC,12,16.67,-9.92,4.33,2093.12,0,111.5,Reliable
b55638ad525e906c698fa2ce742c1742,SC,11,16.67,-9.67,4.17,433.74,0,111.0,Reliable
2c9e548be18521d1c43cde1c582c6de8,SP,124,16.37,-6.92,3.88,2475.65,0,105.66,Reliable
88460e8ebdecbfecb5f9601833981930,PR,246,16.33,-10.96,3.35,9002.43,0,113.76,Reliable
abe42c5d03695b4257b5c6cbf4e6784e,RJ,49,16.33,-9.35,3.88,2918.23,0,110.54,Reliable
3c03b12bab54d8b37d79d914bfdb1aa0,RJ,37,16.28,-8.81,3.79,1112.83,0,109.48,Reliable
dd55f1bb788714a40e7954c3be6df745,SP,35,16.22,-9.49,3.81,1399.44,0,110.87,Reliable
adcf50477d6a1f5d91bb9d54c4903cb5,MG,16,16.13,-12.32,3.35,398.74,0,116.58,Reliable
56642bcb79900e777d68e91915cb4267,SP,48,16.07,-10.93,3.77,1627.2,0,113.83,Reliable
099095b050cfe8eb1ddff5317587e96e,SP,16,15.79,-11.32,3.05,1866.63,0,114.75,Reliable
9f50216bfd01913736a55a11b55ea842,SP,17,15.79,-7.68,4.47,636.28,0,107.47,Reliable
b74d1c09cb380e1d03a6f859c6f4224b,RJ,30,15.79,-11.76,4.24,785.75,0,115.62,Reliable
89bc797e2e29667aa035d4368f9b7f92,SP,16,15.79,-20.79,3.89,100.7,0,133.69,Reliable
e5a3438891c0bfdb9394643f95273d8e,SP,216,15.79,-6.71,3.85,2277.41,0,105.53,Reliable
b17b679f4f5ce2e03ce6968c62648246,SP,50,15.69,-11.35,3.92,757.16,0,114.86,Reliable
11bfa66332777660bd0640ee84d47006,SP,76,15.69,-8.82,3.8,1545.06,0,109.8,Reliable
8931a84a914b3fe9b1ddaa4d704947ca,SP,29,15.63,-8.94,3.66,1349.08,0,110.06,Reliable
d9e7e7778b32987280a6f2cb9a39c57d,SP,11,15.38,-9.62,3.15,151.97,0,111.55,Reliable
c60b801f2d52c7f7f91de00870882a75,SP,39,15.38,-10.67,3.44,2286.31,0,113.65,Reliable
36890be00bbfc1cdb9a4a38a6af05a69,SP,13,15.38,-11.62,4.23,211.88,0,115.55,Reliable
15aac934c58d886785ac1b17953ea898,ES,25,15.38,-7.62,4.12,3357.28,0,107.55,Reliable
d93919c944be9cff128f6c9cb899eacb,SP,33,15.15,-8.06,4.0,636.94,0,108.55,Reliable
8160255418d5aaa7dbdc9f4c64ebda44,SP,380,15.09,-7.55,3.81,12532.03,0,107.55,Reliable
05f51e13da97139648b8125c31e5f51b,MG,57,15.0,-9.95,4.25,2501.32,0,112.4,Reliable
5b8154610ebb21fb90eb587365e673df,SP,37,15.0,-9.25,4.18,1749.11,0,111.0,Reliable
1ca7077d890b907f89be8c954a02686a,SP,108,14.96,-6.86,2.25,2682.19,0,106.24,Reliable
3b872fd4747f01cc56206f2934198618,SP,25,14.81,-9.07,3.89,705.71,0,110.73,Reliable
6973a06f484aacf400ece213dbf3d946,SP,89,14.81,-7.45,3.61,4088.36,0,107.5,Reliable
244c2f1bff6afe1f2eaf9bfe9b2aed38,SP,23,14.81,-8.48,3.63,1339.07,0,109.56,Reliable
b561927807645834b59ef0d16ba55a24,SP,85,14.74,-8.76,4.34,1024.49,0,110.15,Reliable
e96498ed8daaa3e9c23f7a62da76591c,SP,34,14.71,-10.24,3.94,1403.26,0,113.12,Reliable
432c37c9dfba871172ec162e20118b8c,DF,44,14.55,-11.33,4.29,1347.27,0,115.38,Reliable
0bf0150d5b9d60d9cd2906003332f085,SP,39,14.52,-7.24,3.53,2256.69,0,107.22,Reliable
0ed6ce5d87fd9c69eaacaeb778d67235,SP,42,14.29,-12.79,4.29,509.06,0,118.44,Reliable
4aba391bc3b88717ce08eb11e44937b2,BA,27,14.29,-13.25,4.0,900.46,0,119.36,Reliable
f63d8f293af3a6454377546bd9dd19ff,SP,17,14.29,-9.79,3.82,1729.6,0,112.44,Reliable
2156f2671501a81034d7d07f217609d0,SP,21,14.29,-6.48,4.0,299.95,0,105.81,Reliable
ffeee66ac5d5a62fe688b9d26f83f534,SP,14,14.29,-8.36,4.21,323.51,0,109.58,Reliable
f08c008c8a8d31417763738a1788a2a8,PR,20,14.29,-6.81,3.14,223.96,0,106.48,Reliable
d97df38225e5abadaff1e72cb72b823c,SP,28,14.29,-9.32,3.79,346.35,0,111.5,Reliable
e0878efa0e0b7e5313ac0b43bc04c081,PR,26,14.29,-11.25,3.54,1124.59,0,115.36,Reliable
a1474fd46fd3430168f7ec202da39408,SP,12,14.29,-12.0,4.43,1011.45,0,116.86,Reliable
5b07547f10dd980738a1a27f685af669,SP,13,14.29,-5.71,4.5,156.2,0,104.28,Reliable
28f10b1c5e5abb9d4857745bede6147c,SP,28,14.29,-6.61,4.0,143.56,0,106.08,Reliable
6f229cc508fc6915ed5c499efd93baa4,RJ,13,14.29,-9.0,4.43,305.76,0,110.86,Reliable
e62b2d6ac10570a035a30bafcf01d263,SP,62,14.08,-9.18,3.56,1145.08,0,111.32,Reliable
900ba814c251a692506d7834c1218441,SP,86,13.95,-8.59,4.13,4426.03,0,110.21,Reliable
57c764b4a836300be881e2ff86e449f9,SP,28,13.79,-9.45,4.1,101.57,0,112.0,Reliable
323ce52b5b81df2cd804b017b7f09aa7,SP,29,13.79,-5.66,4.28,450.85,0,104.43,Reliable
ec4608a1f76453166bb312b2968aeaf4,SP,17,13.79,-7.28,3.03,377.84,0,107.67,Reliable
431af27f296bc6519d890aa5a05fdb11,SP,116,13.71,-7.54,3.77,2527.38,0,108.22,Reliable
7b1222c3624aa89b9558b50a2594188c,SP,22,13.64,-13.05,4.45,1529.19,0,119.28,Reliable
2a61c271b1ac763450d846849783e922,SP,17,13.64,-7.32,3.68,288.39,0,107.82,Reliable
d3f39f05462b79a4562d35893a28f159,SP,33,13.51,-12.3,3.32,628.82,0,117.84,Reliable
8b9d6eec4a7eb7d0f9d579ce0b38324d,RJ,48,13.46,-10.77,4.12,761.54,0,114.81,Reliable
bce6a5ecf98e99fd2a8868b15c51f04b,SP,14,13.33,-8.4,4.13,266.28,0,110.13,Reliable
ca4b77513ac2040591b0d8fae6958380,SP,14,13.33,-3.07,4.47,290.86,0,99.47,Reliable
238fac594e170b59c6d228f5a4f4f1d9,SP,29,13.33,-10.27,3.83,1038.11,0,113.88,Reliable
3771c85bac139d2344864ede5d9341e3,SP,26,13.33,-8.3,3.57,340.17,0,109.94,Reliable
655220df33262c7e0c4949a147366f94,SP,13,13.33,-8.47,4.2,369.11,0,110.27,Reliable
be8e909810184b9b19e886129149d8e5,SP,15,13.33,-7.4,3.73,132.98,0,108.13,Reliable
8b8cfc8305aa441e4239358c9f6f2485,PR,15,13.33,-16.07,4.2,1402.62,0,125.47,Reliable
014c0679dd340a0e338872e7ec85666a,MG,14,13.33,-11.67,3.67,2172.67,0,116.67,Reliable
891071be6ba827b591264c90c2ae8a63,SP,85,13.33,-11.56,3.86,1043.65,0,116.45,Reliable
f7ba60f8c3f99e7ee4042fdef03b70c4,SP,218,13.1,-9.15,4.22,9862.99,0,111.75,Reliable
4c8b8048e33af2bf94f2eb547746a916,SP,19,13.04,-4.04,3.48,700.42,0,101.56,Reliable
440dd6ab244315c632130ecfb63827b1,SP,91,13.04,-11.38,3.89,2241.7,0,116.24,Reliable
f918546be4bec7104d117789ba758b2b,SP,20,13.04,-10.22,3.83,388.54,0,113.92,Reliable
adbc26658d6c7b4b6219f9d934598091,PR,88,13.04,-8.38,4.05,1824.61,0,110.24,Reliable
082e0bf4cb865a6533b1e8e498cc0255,SP,11,13.04,-17.78,3.3,456.82,0,129.04,Reliable
e2aee0892199b1d92530e371abd825bf,PR,36,12.82,-13.36,3.9,869.59,0,120.31,Reliable
8b28d096634035667e8263d57ba3368c,SP,139,12.58,-10.29,3.82,1942.11,0,114.29,Reliable
855668e0971d4dfd7bef1b6a4133b41b,SP,300,12.54,-9.04,3.78,6646.32,0,111.81,Reliable
11305281b50fff20ae8bb473f8e11876,MG,35,12.5,-12.68,4.35,1239.21,0,119.11,Reliable
9906e7aa42a3c067b7c9a564d01c4320,PR,12,12.5,-11.69,4.06,453.54,0,117.13,Reliable
c794dab4928dd97beb41d05514441e86,SP,16,12.5,-7.44,4.37,136.0,0,108.63,Reliable
23a0ffca143a15b9b5bbdb7d552f626a,SP,23,12.5,-11.42,3.96,339.12,0,116.59,Reliable
681fce914360217db47784ae28905a96,PR,23,12.5,-13.21,3.71,654.94,0,120.17,Reliable
cee48807215b30a12ca2ca10ffb5f250,SP,39,12.5,-13.13,3.7,1686.27,0,120.01,Reliable
c4fb51fb1c5b7c07bc5e67be6e7e8f6e,PR,15,12.5,-11.19,3.5,177.51,0,116.13,Reliable
2d2c62bef4c8ba0dd74e0e228e808539,SP,16,12.5,-9.31,4.12,653.87,0,112.37,Reliable
7139dc5186aa238b006e066d8fbab2e4,SP,22,12.5,-11.29,3.92,269.25,0,116.33,Reliable
bbaff50f3b708fda865918715276cd87,SP,12,12.5,-7.63,4.81,68.41,0,109.01,Reliable
7e1fb0a3ebfb01ffb3a7dae98bf3238d,SP,155,12.43,-10.79,4.11,4530.56,0,115.36,Reliable
ff1fb4c404b2efe68b03350a8dc24122,SP,46,12.24,-8.76,4.06,1478.2,0,111.4,Reliable
8f2ce03f928b567e3d56181ae20ae952,SP,151,12.21,-9.72,4.09,4176.42,0,113.33,Reliable
2089a6d640999f9b9141ac719b2af596,SP,41,12.2,-11.44,3.93,1443.05,0,116.78,Reliable
c8467937e403e76a8ee9f0ab13f6f5ef,MG,30,12.12,-9.48,3.76,330.08,0,112.9,Reliable
643214e62b870443ccbe55ab29a4dccf,SP,65,12.12,-10.71,4.41,412.03,0,115.36,Reliable
fffd5413c0700ac820c7069d66d98c89,SP,57,12.07,-11.33,3.84,1383.89,0,116.62,Reliable
e89c4adbe7b1d0819dbb636e16461cf1,SP,24,12.0,-10.56,3.88,448.09,0,115.12,Reliable
048c2757535328e0d7dac690ad3c0aae,SP,50,12.0,-10.0,4.16,1296.31,0,114.0,Reliable
1eade46fba20122dc4aefb379f8c636b,SP,58,12.0,-7.52,4.31,690.43,0,109.04,Reliable
75d34ebb1bd0bd7dde40dd507b8169c3,BA,57,11.94,-16.84,3.99,2395.94,0,127.71,Reliable
3361277dc30b7cccdb0c286b24219756,PR,29,11.9,-15.02,4.21,3034.78,0,124.09,Reliable
ba143b05f0110f0dc71ad71b4466ce92,SP,83,11.9,-8.45,4.46,771.69,0,110.95,Reliable
903037660cf848a717166eb7a06d616e,SP,44,11.86,-16.97,3.81,2780.35,0,128.01,Reliable
b33e7c55446eabf8fe1a42d037ac7d6d,SP,149,11.84,-11.34,4.19,6379.76,0,116.76,Reliable
7aa4334be125fcdd2ba64b3180029f14,SP,214,11.81,-9.56,4.06,2953.04,0,113.22,Reliable
e3a386fc36e22064434e1fa256f6a9fa,SP,16,11.76,-10.88,4.24,150.07,0,115.88,Reliable
3935fe5fe0f82787a9dcb8deb62be09d,SP,16,11.76,-10.65,3.94,194.0,0,115.42,Reliable
afa6714acee029b2dfdf357e5579cc03,SP,16,11.76,-13.82,4.06,234.51,0,121.76,Reliable
04aa0a1c5ce6b222003403a3e11c3cc0,SP,11,11.76,-16.53,3.53,770.76,0,127.18,Reliable
b5e3e38609125694d2ea2417522a60b7,SC,16,11.76,-7.82,4.35,91.35,0,109.76,Reliable
392e0502231ae2f8b29994ef6398cd77,SP,17,11.76,-7.94,4.35,196.45,0,110.0,Reliable
218f991754f360af9c2daa5e0b8e990c,SP,14,11.76,-7.41,3.53,434.23,0,108.94,Reliable
b33aaadd1a8891d2dfef0c4c3bdf0371,SP,16,11.76,-9.29,3.76,245.55,0,112.7,Reliable
768a86e36ad6aae3d03ee3c6433d61df,SP,17,11.76,-8.82,4.65,89.87,0,111.76,Reliable
a6fe7de3d16f6149ffe280349a8535a0,SP,50,11.76,-9.53,3.98,424.84,0,113.18,Reliable
53d00c40e32aeb924a84ce72b1af869d,SP,17,11.76,-7.47,4.35,373.83,0,109.06,Reliable
ad97a199236354e53fcd91a5a913e9a2,SC,16,11.76,-10.41,4.47,1054.33,0,114.94,Reliable
610f72e407cdd7caaa2f8167b0163fd8,SP,16,11.76,-9.94,3.71,2896.47,0,114.0,Reliable
34056b8b55c1775a22af2331670a799c,SP,77,11.69,-10.92,4.04,960.35,0,116.0,Reliable
0b35c634521043bf4b47e21547b99ab5,PR,50,11.69,-14.84,3.48,4438.38,0,123.84,Reliable
2e90cb1677d35cfe24eef47d441b7c87,SP,127,11.68,-10.75,4.04,1963.94,0,115.66,Reliable
2eb70248d66e0e3ef83659f71b244378,SP,187,11.68,-10.12,2.77,9870.91,0,114.4,Reliable
7ad32824caee82087b3e2e5f33b1bf32,SP,147,11.67,-10.56,3.72,4447.89,0,115.29,Reliable
972d0f9cf61b499a4812cf0bfa3ad3c4,SC,81,11.63,-9.76,2.9,1360.08,0,113.7,Reliable
b2479f944e1b90cf8a5de1bbfde284d6,SP,101,11.63,-8.58,3.3,991.75,0,111.34,Reliable
c31eff8334d6b3047ed34bebd4d62c36,SP,120,11.57,-10.19,3.84,1556.37,0,114.59,Reliable
b1fc4f64df5a0e8b6913ab38803c57a9,RJ,107,11.57,-9.78,3.72,1221.11,0,113.78,Reliable
77a515caa36327151d1cc6c32a9f00e1,SP,26,11.54,-10.73,4.42,272.41,0,115.69,Reliable
318f287a62ab7ac10b703ac37435a231,SP,51,11.48,-9.48,3.92,1146.69,0,113.22,Reliable
0ffa40d54288e4f3499b8780dd0f144f,SP,33,11.43,-12.2,4.4,311.32,0,118.69,Reliable
59b22a78efb79a4797979612b885db36,MG,125,11.28,-10.3,3.94,5224.01,0,114.96,Reliable
dd7ddc04e1b6c2c614352b383efe2d36,SP,121,11.27,-8.08,3.75,2072.69,0,110.52,Reliable
7d13fca15225358621be4086e1eb0964,SP,558,11.21,-11.0,4.0,15295.37,0,116.39,Reliable
897060da8b9a21f655304d50fd935913,SP,304,11.14,-9.67,3.44,4571.73,0,113.77,Reliable
0725b8c0f3f906e58f70cbe76b7c748c,SP,16,11.11,-15.58,3.78,626.77,0,125.6,Reliable
7586919161935337bf6b6d7ff5779648,RJ,11,11.11,-6.89,3.17,705.51,0,108.22,Reliable
863d2ebcd347ce4922de7a0f9a5581d6,RJ,17,11.11,-10.61,4.11,143.27,0,115.66,Reliable
e81e1f9c3e762e620f3fb60a51499e16,SC,17,11.11,-13.67,3.61,1096.84,0,121.78,Reliable
8b2492b7ff4468839593fafeed55bad9,RJ,29,11.11,-6.42,3.89,1029.38,0,107.28,Reliable
b499c00f28f4b7069ff6550af8c1348a,SP,147,10.99,-12.14,4.23,1603.36,0,118.78,Reliable
f3da5b2ff499efb8d4a6d371d175d7dd,SP,77,10.98,-8.2,3.85,627.66,0,110.91,Reliable
406822777a0b9eb5c50e442dd4cd3ec5,SP,44,10.87,-10.61,4.26,438.72,0,115.78,Reliable
23c38debaffe4a25a30fdbd9b586a13f,SP,41,10.87,-10.39,4.3,679.13,0,115.34,Reliable
1caf283236cd69af44cbc09a0a1e7d32,RJ,33,10.81,-11.41,4.54,237.73,0,117.41,Reliable
a416b6a846a11724393025641d4edd5e,SP,157,10.8,-10.55,4.22,3676.75,0,115.7,Reliable
8444e55c1f13cd5c179851e5ca5ebd00,MG,92,10.78,-21.27,3.16,6316.67,0,137.15,Reliable
056b4ada5bbc2c50cc7842547dda6b51,RJ,64,10.77,-12.46,4.09,2161.75,0,119.53,Reliable
6fd52c528dcb38be2eea044946b811f8,SP,67,10.71,-11.23,3.42,1065.02,0,117.1,Reliable
c0563dd588b775f2e37747ef6ad6c92c,SP,28,10.71,-9.11,4.36,404.76,0,112.86,Reliable
f12ff17ad8bbf01ec5c33b17e506649b,SP,28,10.71,-10.43,3.86,492.99,0,115.5,Reliable
4c498c7345e89aebad651544829beca0,SP,47,10.64,-9.19,4.28,572.13,0,113.06,Reliable
a673821011d0cec28146ea42f5ab767f,SP,125,10.64,-9.42,3.74,1940.64,0,113.52,Reliable
4869f7a5dfa277a7dca6462dcf3b52b2,SP,1124,10.54,-11.16,4.11,28039.86,0,117.05,Reliable
54c04bdb5ec46762f8f08c7e8f86ed4a,SC,18,10.53,-10.53,4.32,508.51,0,115.8,Reliable
070d165398b553f3b4b851c216b8a358,SP,31,10.53,-9.08,3.45,393.42,0,112.89,Reliable
7bac63f6603d382cc8d0832eb6c100a8,SP,19,10.53,-5.42,4.0,895.93,0,105.58,Reliable
fd386aa7bed2af3c7035c65506c9b4a3,SP,69,10.53,-9.64,4.36,490.87,0,114.02,Reliable
14d7985702e72162bbf13b6beb74ab2b,SP,37,10.53,-8.74,4.34,398.89,0,112.22,Reliable
0176f73cc1195f367f7b32db1e5b3aa8,SP,37,10.53,-8.74,4.05,404.13,0,112.22,Reliable
99eaacc9e6046db1c82b163c5f84869f,SP,63,10.45,-8.78,4.01,1823.15,0,112.34,Reliable
b18dc380845b24038cfc48006478f099,SP,43,10.42,-11.02,4.21,1121.24,0,116.83,Reliable
5058e8c1e82653974541e83690655b4a,SP,62,10.39,-16.36,3.0,2069.64,0,127.53,Reliable
c3867b4666c7d76867627c2f7fb22e21,SP,228,10.37,-9.93,3.98,4254.84,0,114.67,Reliable
f46490624488d3ff7ce78613913a7711,SP,80,10.34,-9.16,3.57,585.03,0,113.15,Reliable
1f1bb1f0859883505541bdd6606193e5,SP,27,10.34,-10.45,4.31,1563.81,0,115.73,Reliable
7ecd59e5e20407131822c1a68ac59c1f,DF,24,10.34,-11.83,4.48,208.45,0,118.49,Reliable
3db66a856d18a9cba7c9241fc5221c50,MG,94,10.31,-11.93,4.2,1096.63,0,118.7,Reliable
50c9975695009e5e6473912e83a6d1da,MG,50,10.29,-8.74,3.93,799.05,0,112.34,Reliable
3f3486b61f45078d4f31ee5e43d8c5bb,SP,39,10.26,-10.33,4.33,745.83,0,115.53,Reliable
0cbcee27c791afa0cdcb08587a2013a8,MG,37,10.26,-14.95,4.0,660.38,0,124.77,Reliable
8e6d7754bc7e0f22c96d255ebda59eba,SP,84,10.08,-6.29,2.99,2257.91,0,107.54,Reliable
e8b4225284fbb02d16f200513f1f395d,SP,30,10.0,-13.8,4.3,673.3,0,122.6,Reliable
b127efdabeffb5d559349c7b172eb75d,SP,10,10.0,-19.8,4.8,46.52,0,134.6,Reliable
d7485b33791774c36108f8c69602d48d,PR,10,10.0,-12.3,3.7,56.42,0,119.6,Reliable
b2ac621f0d0322434d04a12b078b9369,PR,30,10.0,-11.67,4.4,723.4,0,118.34,Reliable
1a932caad4f9d804097d7f8e615baed1,SP,20,10.0,-12.1,3.57,477.52,0,119.2,Reliable
bb7a14e229b1c95156719c3d9552eeee,RJ,10,10.0,-10.6,4.5,269.29,0,116.2,Reliable
08d2d642cf72b622b14dde1d2f5eb2f5,SP,16,10.0,-11.4,4.45,56.61,0,117.8,Reliable
f8201cab383e484733266d1906e2fdfa,SC,10,10.0,-11.7,4.1,89.77,0,118.4,Reliable
20cb7c2fde3e5bf10f0bbe7394e1c6a9,PR,31,10.0,-12.82,3.9,297.9,0,120.64,Reliable
3ade81dab5a172b88e1871c28ae05260,SP,28,10.0,-10.5,4.1,727.69,0,116.0,Reliable
d71d863e5ef30d94e440c11be17dcd8f,SP,23,10.0,-9.67,3.33,2180.63,0,114.34,Reliable
1690cada046eb7e92c12f98b1f8a8167,SP,10,10.0,-14.2,4.9,172.41,0,123.4,Reliable
5b2e94f2c22b39ccc24d34ad0f669672,SP,10,10.0,-12.8,4.9,168.88,0,120.6,Reliable
d3674f271c91f824f82d24d92011f669,DF,20,10.0,-11.4,4.1,116.74,0,117.8,Reliable
9dd59e43f0c9f0553244e8f9c2fb247e,PR,10,10.0,-13.7,4.8,27.6,0,122.4,Reliable
9d39404483343dd55c7ae254494d8388,SP,10,10.0,-11.6,3.5,66.94,0,118.2,Reliable
fe701d88b67eaca109dffd464d1be9f9,RJ,10,10.0,-15.9,4.3,206.11,0,126.8,Reliable
06579cb253ecd5a3a12a9e6eb6bf8f47,SP,61,10.0,-9.11,3.84,1510.38,0,113.22,Reliable
42b729f859728f5079499127a9c2ef37,SP,103,9.92,-7.27,4.3,1437.44,0,109.58,Reliable
3df020b72d3d44b3af9d110fa3940b65,SP,55,9.9,-10.92,3.95,1467.43,0,116.89,Reliable
527801b552d0077ffd170872eb49683b,SP,90,9.78,-11.41,4.43,2125.73,0,117.93,Reliable
4a3ca9315b744ce9f8e9374361493884,SP,1772,9.7,-9.64,3.79,30702.73,0,114.43,Reliable
e9bc59e7b60fc3063eb2290deda4cced,PR,209,9.62,-14.01,4.03,8487.09,0,123.21,Reliable
23d7c96d4a1160db1c726b248601b25a,SP,50,9.62,-10.96,3.77,1883.42,0,117.11,Reliable
52f0fe436a347ddad7ed5f9aa4e27eaa,SP,19,9.52,-7.43,3.48,112.01,0,110.1,Reliable
ef2fbc2b607d8492bcffe657a4645434,RJ,19,9.52,-10.14,4.05,115.34,0,115.52,Reliable
6b3bd31ad8fcda4b2635ec9f3ff2ecdf,RJ,35,9.52,-9.95,3.93,670.97,0,115.14,Reliable
4e17c65a516f69d023a2ae78b84f28d6,SP,61,9.46,-20.8,4.08,1201.68,0,136.87,Reliable
f0b47fbbc6dee9aafe415a6e33051b3f,SP,67,9.41,-12.71,4.26,540.35,0,120.72,Reliable
e9d99831abad74458942f21e16f33f92,SP,130,9.4,-9.72,3.88,757.38,0,114.74,Reliable
2745f798279e0ed033addcc1474776d7,SP,32,9.38,-10.72,3.84,414.66,0,116.75,Reliable
165fc07beebdcb6190fba8a06db2a449,PR,50,9.38,-11.09,3.69,3058.45,0,117.49,Reliable
7b0df942f46435babab05d49b744b2c4,SP,32,9.38,-10.87,4.25,3192.88,0,117.05,Reliable
f62d7bb4a613ec758a03342d46b580b2,MG,32,9.38,-9.69,4.38,2429.66,0,114.69,Reliable
e38db885400cd35c71dfd162f2c1dbcf,DF,30,9.38,-12.56,4.5,264.97,0,120.43,Reliable
2d50d6282f8aa2257819a77bfaa0efe0,SP,42,9.3,-10.26,3.74,415.69,0,115.87,Reliable
dd533b429f380718b70ad9922c294bae,SP,39,9.3,-9.3,3.86,251.57,0,113.95,Reliable
70a12e78e608ac31179aea7f8422044b,SP,312,9.29,-10.45,3.77,4368.27,0,116.25,Reliable
f84a00e60c73a49e7e851c9bdca3a5bb,RJ,88,9.28,-10.81,3.72,637.92,0,116.98,Reliable
a888faf2d1baececa6baf9c3d603ee1f,PR,53,9.26,-10.69,4.11,1493.55,0,116.75,Reliable
aac29b1b99776be73c3049939652091d,MG,94,9.16,-11.77,3.88,1181.88,0,118.96,Reliable
fa1c13f2614d7b5c4749cbc52fecda94,SP,578,9.15,-10.31,4.34,15075.46,0,116.05,Reliable
4677a5437afda5fa7140b927b07be1cc,PR,11,9.09,-14.09,4.36,135.81,0,123.63,Reliable
b2c97074649f92197d9387d9033dda5f,SP,10,9.09,-9.45,4.64,69.32,0,114.35,Reliable
615005a3ef192c00c6f0e977cee3d2bc,SP,10,9.09,-11.0,3.91,40.19,0,117.45,Reliable
9df5750209b83567ec144eb299d7d634,RS,11,9.09,-20.27,4.0,279.94,0,136.0,Reliable
31ae0774c17fabd06ff707cc5bde005f,SP,11,9.09,-12.36,4.0,665.54,0,120.17,Reliable
87b740daf17b5d1be335a64164ec6842,SP,11,9.09,-12.73,3.73,1527.51,0,120.91,Reliable
8e2b3afb420011ef0c88c9d5f11ea526,SP,11,9.09,-10.73,4.27,150.7,0,116.91,Reliable
3d5d0dc7073a299e31fa718ce1bc00b6,RJ,21,9.09,-13.09,4.27,73.88,0,121.63,Reliable
784ba75dd9d20200c4caed3d7a77141a,SP,19,9.09,-9.14,3.82,2839.86,0,113.73,Reliable
5a6a02f419701fc8c605af71d4fc57a4,SP,10,9.09,-9.45,4.82,42.4,0,114.35,Reliable
13d058e4eeac2ce8217660b2f8a05812,SP,22,9.09,-10.27,4.18,547.4,0,116.0,Reliable
c5f7feb04a6a1fb3596322bfc3cf1917,SP,11,9.09,-8.64,4.27,258.52,0,112.73,Reliable
c4fabeea6e569d42d02993bb1f4f1cbc,CE,11,9.09,-5.27,4.0,87.77,0,106.0,Reliable
236585a4ddb5fea9fa40233e2249ed91,RS,11,9.09,-13.18,4.09,83.82,0,121.81,Reliable
f125f3a310c2e5f822d116147de1e474,SP,16,9.09,-10.18,4.36,439.96,0,115.81,Reliable
6b536a23086fba0d58c08d68814397f6,RJ,18,9.09,-11.5,4.05,263.68,0,118.45,Reliable
6ddc28b61be28373b4503a1f61cf98a9,SP,11,9.09,-7.91,4.18,284.55,0,111.28,Reliable
373ee4a3a775a733770ca3f790b8b9ac,RJ,13,9.09,-9.55,4.0,396.16,0,114.56,Reliable
f4db9b37944bcb8873e6b456ee190bbf,SP,21,9.09,-11.09,4.55,380.8,0,117.63,Reliable
f5f1f2c5f923f36ad79ea1d07185ddc9,SP,10,9.09,-8.55,3.45,167.39,0,112.56,Reliable
17908cf9b444ee34047cadd5c0f4a516,GO,11,9.09,-11.82,4.55,352.95,0,119.09,Reliable
bc47d5d1490df2b36add65d733eafaba,SP,21,9.09,-11.73,3.55,140.07,0,118.91,Reliable
bc302730ea8cf49b5c74f579febb5bbf,SP,11,9.09,-10.09,3.82,29.38,0,115.63,Reliable
5343d0649eca2a983820bfe93fc4d17e,SP,70,9.09,-12.6,3.57,1925.4,0,120.66,Reliable
1c40343cc5d18c2d8248ac2f3366de34,SP,21,9.09,-12.0,4.55,209.45,0,119.45,Reliable
4ba52dfeba874da5b9ee7b17c7494f04,SP,11,9.09,-11.73,4.36,101.84,0,118.91,Reliable
f84fa566034f5e8e880a07ec624c56af,SP,89,9.0,-8.28,4.3,598.96,0,112.06,Reliable
8648b1e89e9b349e32d3741b30ec737e,SP,93,9.0,-11.94,4.12,771.44,0,119.38,Reliable
634964b17796e64304cadf1ad3050fb7,RJ,265,8.98,-10.35,3.87,7255.81,0,116.21,Reliable
4e922959ae960d389249c378d1c939f5,SP,412,8.97,-13.03,3.87,6681.81,0,121.58,Reliable
cfb1a033743668a192316f3c6d1d2671,SP,143,8.94,-11.53,4.0,2612.44,0,118.59,Reliable
77530e9772f57a62c906e1c21538ab82,PR,312,8.92,-10.89,4.08,5647.56,0,117.32,Reliable
1835b56ce799e6a4dc4eddc053f04066,SP,417,8.89,-10.81,3.58,4223.12,0,117.18,Reliable
7c67e1448b00f6e969d365cea6b010ab,SP,973,8.86,-11.53,3.33,40065.39,0,118.63,Reliable
23613d49c3ac2bd302259e55c06c050c,SP,69,8.86,-11.32,3.65,403.22,0,118.21,Reliable
5c6d4016c2a288f074fa0848a2b653d2,SP,31,8.82,-10.18,4.21,325.11,0,115.95,Reliable
6a0cbc8af2e8abd1bdfb777943d174c6,SP,34,8.82,-8.94,3.91,408.9,0,113.47,Reliable
93dc87703c046b603023e75222018b45,MG,33,8.82,-11.29,3.91,494.84,0,118.17,Reliable
d13e50eaa47b4cbe9eb81465865d8cfc,SP,66,8.82,-4.81,4.81,574.56,0,105.21,Reliable
d5ba419e26d246a0719437cf37d9b46d,SP,33,8.82,-9.06,3.79,539.75,0,113.71,Reliable
d1ef48b38baca7e831711c4a0aeb398f,PR,28,8.82,-15.53,4.53,191.34,0,126.65,Reliable
0dd184061fb0eaa7ca37932c68ab91c5,SP,161,8.81,-11.23,3.93,2295.38,0,118.06,Reliable
7d76b645482be4a332374e8223836592,SP,172,8.74,-9.32,3.92,539.88,0,114.27,Reliable
ececbfcff9804a2d6b40f589df8eef2b,SP,97,8.74,-11.83,4.12,682.63,0,119.29,Reliable
7f2617c58d5d06806987308b45654351,SP,22,8.7,-9.39,3.87,333.93,0,114.43,Reliable
6d988d6174a2c27441597174f8905515,PR,19,8.7,-9.43,4.26,64.84,0,114.51,Reliable
db2956745b3a8e9f3785c99f34b5d25e,SP,45,8.7,-11.89,3.8,825.39,0,119.43,Reliable
f615fe7efbef0f4f08fd3086bc7a3e60,SP,22,8.7,-12.7,4.52,276.58,0,121.05,Reliable
8b321bb669392f5163d04c59e235e066,SP,930,8.66,-10.01,4.01,3397.56,0,115.69,Reliable
b14db04aa7881970e83ffa9426897925,SP,78,8.57,-10.47,3.48,832.9,0,116.66,Reliable
fe2032dab1a61af8794248c8196565c9,SP,293,8.52,-11.07,4.34,6507.43,0,117.88,Reliable
5d0363b33554b373851fc1622e4d5f3c,SP,93,8.51,-9.0,4.09,777.38,0,113.75,Reliable
4c2b230173bb36f9b240f2b8ac11786e,SP,258,8.45,-8.64,3.71,2357.97,0,113.06,Reliable
522620dcb18a6b31cd7bdf73665113a9,PR,172,8.43,-14.02,3.85,6902.02,0,123.82,Reliable
ea8482cd71df3c1969d7b9473ff13abc,SP,1132,8.42,-10.12,3.96,5068.65,0,116.03,Reliable
76d5af76d0271110f9af36c92573f765,SP,128,8.39,-12.48,4.07,4755.7,0,120.77,Reliable
a3e9a2c700480d9bb01fba070ba80a0e,SP,129,8.39,-10.19,3.97,1891.75,0,116.19,Reliable
620c87c171fb2a6dd6e8bb4dec959fc6,RJ,722,8.35,-13.74,4.2,9668.89,0,123.31,Reliable
e7df4cd29ab5abab70fb0783ddb53987,SP,23,8.33,-11.25,4.29,1858.09,0,118.33,Reliable
7357b52d27cbaa90f81a96cbc1279396,MG,12,8.33,-9.08,4.33,138.15,0,113.99,Reliable
c3acdfac4e3e97ff87529454fbc03642,SP,12,8.33,-9.5,4.25,1415.66,0,114.83,Reliable
acadd4d36859671cb635527c6c977533,SP,12,8.33,-7.08,4.25,24.11,0,109.99,Reliable
40db9e9aa57f7bb151bcda6b0f9bdbb7,PE,12,8.33,-15.5,2.17,1816.11,0,126.83,Reliable
0a85ebe4e328db81ac9109781205e2f7,SP,12,8.33,-8.42,4.58,69.17,0,112.67,Reliable
0afccdb8a34ee5c79f7c06faf2b4d56e,MG,24,8.33,-10.37,3.92,113.13,0,116.57,Reliable
39d54ff918774174706fb065d7f9dc07,SP,22,8.33,-12.37,3.92,322.62,0,120.57,Reliable
ec80e49e69745ab6c14f984bf2149423,SP,12,8.33,-10.42,3.67,307.9,0,116.67,Reliable
723cd880edaacdb998898b67c8f9da30,SP,11,8.33,-10.92,4.17,406.04,0,117.67,Reliable
8476243f92442881ddd5b578975cf115,RS,12,8.33,-7.58,4.08,861.86,0,110.99,Reliable
977f9f63dd360c2a32ece2f93ad6d306,SP,23,8.33,-10.83,3.92,306.1,0,117.49,Reliable
4be6b962d83299498bae2190f95d6566,SP,11,8.33,-12.0,3.83,51.13,0,119.83,Reliable
cd3d09fbe6e3e9ff0c0ac0c300e93ae7,SP,12,8.33,-9.75,4.17,34.85,0,115.33,Reliable
5ab05b6d86d417796c69ffd6774ec832,SP,10,8.33,-13.33,3.67,171.44,0,122.49,Reliable
1d29dfba02015238dfbe2449a5eaa361,MG,12,8.33,-9.5,4.5,68.02,0,114.83,Reliable
b8630e1121437d41cb08e3c749c2c2e2,RJ,12,8.33,-9.58,4.33,288.84,0,114.99,Reliable
058cb5aeb36d7c0fcae20fc85d5e0a59,RJ,11,8.33,-11.58,3.58,127.36,0,118.99,Reliable
218d46b86c1881d022bce9c68a7d4b15,SP,382,8.33,-11.72,4.15,5867.61,0,119.27,Reliable
8cc6a0e5738e61a87b03c78b2ba9db4b,MG,23,8.33,-10.71,4.42,877.51,0,117.25,Reliable
ce7d1888639e6fb06b2749cbfdac1ff7,MG,78,8.33,-12.83,4.11,1262.83,0,121.49,Reliable
cfe94489ddd337d1e29e12f2a7205d10,SP,20,8.33,-6.88,4.12,458.28,0,109.59,Reliable
5d9dc90a686a8fddacffab6bab5653a3,SP,12,8.33,-9.58,4.17,66.89,0,114.99,Reliable
1cbd32d00d01bb8087a5eb088612fd9c,SP,11,8.33,-10.25,4.25,310.97,0,116.33,Reliable
26d8a1c7c75d513045798992ead43aa2,PR,34,8.33,-12.5,4.33,663.75,0,120.83,Reliable
0887a9f087bcd5d9f6642b52f897fc6c,SP,12,8.33,-12.42,4.42,118.9,0,120.67,Reliable
1d8dbc4f32378d715c717c1c1fc57bae,PR,91,8.25,-11.98,3.85,1149.53,0,119.84,Reliable
1336efc61c316ddf92c899eb817f7cae,SP,74,8.24,-11.18,3.94,645.75,0,118.24,Reliable
17f51e7198701186712e53a39c564617,SP,56,8.2,-12.23,4.34,4476.91,0,120.36,Reliable
f27e33c6d29b5138fa9967bcd445b6d5,SP,93,8.16,-10.7,4.09,1200.71,0,117.32,Reliable
ef506c96320abeedfb894c34db06f478,SP,316,8.13,-11.18,3.89,1522.31,0,118.3,Reliable
f181738b150df1f37cb0bd72e705b193,SP,36,8.11,-10.05,4.49,395.59,0,116.04,Reliable
7ddcbb64b5bc1ef36ca8c151f6ec77df,SP,325,8.08,-10.17,3.94,6265.03,0,116.3,Reliable
a36b125ac6d5fdbc7f50de85c9157bdc,SP,23,8.0,-10.6,4.04,134.24,0,117.2,Reliable
9c0e69c7bf2619675bbadf47b43f655a,SP,151,8.0,-8.13,4.08,4057.88,0,112.26,Reliable
d51e0a403fe2e689ece6c73359d96e12,SP,18,8.0,-15.84,4.32,739.95,0,127.68,Reliable
6f892e20a171e98efe17fdb971ff319b,SP,41,8.0,-10.14,3.82,409.58,0,116.28,Reliable
198c7ea11960a9844b544d9bcdca860c,MG,25,8.0,-10.8,3.88,322.1,0,117.6,Reliable
fb89df7f89fd1b8f03fa2acca1ba7364,PR,22,8.0,-9.92,3.84,168.39,0,115.84,Reliable
8581055ce74af1daba164fdbd55a40de,SP,379,7.98,-9.17,4.25,6343.11,0,114.35,Reliable
729f06993dac8e860d4f02d7088ca48a,SP,94,7.96,-11.21,4.29,4697.49,0,118.44,Reliable
37515688008a7a40ac93e3b2e4ab203f,SP,227,7.95,-8.1,4.06,899.99,0,112.23,Reliable
058fd0aa2bfdb2274e05e1ae971dabb6,SP,60,7.94,-11.81,4.37,749.54,0,119.65,Reliable
cbd996ad3c1b7dc71fd0e5f5df9087e2,SP,160,7.94,-11.26,3.96,1150.23,0,118.55,Reliable
391fc6631aebcf3004804e51b40bcf1e,SP,521,7.93,-11.71,3.94,5333.42,0,119.45,Reliable
7681ef142fd2c19048da7430856b5588,SP,58,7.89,-9.41,4.05,2197.44,0,114.88,Reliable
9646c3513289980f17226a2fc4720dbd,SP,69,7.89,-12.87,4.34,1373.52,0,121.8,Reliable
16090f2ca825584b5a147ab24aa30c86,SP,398,7.88,-9.66,4.04,2741.36,0,115.38,Reliable
715bbd5ba4e6b74cb0d2f29eb45058b0,SP,62,7.81,-13.58,4.47,414.85,0,123.25,Reliable
1f50f920176fa81dab994f9023523100,SP,1399,7.79,-10.85,3.98,16629.52,0,117.81,Reliable
4559697a8f7e637227c2eeaed843baff,SP,39,7.69,-12.46,4.21,587.92,0,121.08,Reliable
8629c241b3622ac12cd4118afdc8d394,SP,13,7.69,-14.08,4.08,196.07,0,124.31,Reliable
bd1d49a326abfa9b1036772e40445430,SP,12,7.69,-12.08,3.85,60.25,0,120.31,Reliable
f61c63d13f7cd800549d5acdd390ae72,SP,26,7.69,-11.23,4.0,215.71,0,118.62,Reliable
1660ad786c27fd935378b6192a90b417,SP,12,7.69,-10.69,4.62,142.11,0,117.53,Reliable
ce248b21cb2adc36282ede306b7660e5,SC,64,7.69,-10.52,4.25,949.22,0,117.19,Reliable
97512d3fc193b2d1dfcdba0f9d1f0f8a,SP,12,7.69,-8.54,4.31,83.41,0,113.23,Reliable
daeb5653dd96c1b11860f72209795012,MG,38,7.69,-11.38,4.23,102.82,0,118.92,Reliable
7c4618c82226628831613e95e9c22f44,SP,13,7.69,-7.85,4.08,46.78,0,111.86,Reliable
0747d5bb69f0586cc869d8af4c50f93e,RJ,12,7.69,-16.31,3.85,48.95,0,128.78,Reliable
6b333a05bf188ef3e1f1662a86bd9855,DF,12,7.69,-8.77,4.38,118.93,0,113.69,Reliable
562f8cfc51f265411f487d07e9c40e7f,MG,13,7.69,-7.85,4.54,69.14,0,111.86,Reliable
00720abe85ba0859807595bbf045a33b,SP,13,7.69,-12.73,3.65,170.4,0,121.62,Reliable
8090490573c6c0aa343a7231ebcb8c86,SP,26,7.69,-11.5,4.19,506.76,0,119.16,Reliable
78c99c6dff4eeae5be99bf635ed21e3f,SP,31,7.69,-10.33,4.33,243.56,0,116.81,Reliable
6e864f5c4669eff3d98140a07cc50202,SP,13,7.69,-11.46,4.46,48.74,0,119.08,Reliable
04308b1ee57b6625f47df1d56f00eedf,SC,92,7.61,-11.58,3.95,4788.81,0,119.35,Reliable
6a8b085f816a1f75f92dbac6eb545f8f,SP,125,7.52,-10.2,4.17,792.18,0,116.64,Reliable
54a1852d1b8f10312c55e906355666ee,SP,198,7.43,-10.9,4.35,1556.27,0,118.08,Reliable
7901646fdd36a55f564ffaf2dbccaaf7,RJ,22,7.41,-10.78,4.44,843.94,0,117.86,Reliable
df560393f3a51e74553ab94004ba5c87,PR,26,7.41,-13.63,3.93,369.54,0,123.56,Reliable
fcdd820084f17e9982427971e4e9d47f,SP,16,7.41,-20.33,3.26,366.4,0,136.95,Reliable
624f4ece8da4aafb77699233d480f8ef,SP,52,7.41,-10.98,4.19,815.97,0,118.25,Reliable
271c58a1d139c45eaf3316107c6d3a3b,SP,27,7.41,-11.22,4.19,273.68,0,118.73,Reliable
e5e33c0d8e7e002f398f5dc4cbbb338f,SP,26,7.41,-14.78,4.59,280.83,0,125.86,Reliable
8d79c8a04e42d722a75097ce5cbcf2ef,CE,26,7.41,-11.81,4.59,217.75,0,119.92,Reliable
213b25e6f54661939f11710a6fddb871,SP,152,7.37,-11.04,3.76,1393.73,0,118.39,Reliable
f262cbc1c910c83959f849465454ddd3,SP,189,7.35,-9.9,4.1,1009.2,0,116.12,Reliable
e59aa562b9f8076dd550fcddf0e73491,PR,69,7.32,-12.37,4.33,3892.26,0,121.08,Reliable
17e34d8224d27a541263c4c64b11a56b,SP,247,7.31,-10.85,4.17,6305.56,0,118.05,Reliable
e24fc9fcd865784fb25705606fe3dfe7,SP,51,7.27,-13.42,4.18,623.06,0,123.2,Reliable
e5a38146df062edaf55c38afa99e42dc,SP,120,7.26,-10.6,3.94,2094.18,0,117.57,Reliable
a420f60ff1aa9acc80d0e42959f2b313,SP,67,7.25,-12.88,3.81,588.88,0,122.14,Reliable
ef0ace09169ac090589d85746e3e036f,RJ,128,7.19,-11.68,4.37,1376.72,0,119.77,Reliable
c9c7905cffc4ef9ff9f113554423e671,SP,127,7.19,-10.07,4.16,1117.66,0,116.55,Reliable
7040e82f899a04d1b434b795a43b4617,SP,208,7.17,-10.44,3.54,1134.18,0,117.3,Reliable
edf96ef93ed595084bbcbd9224bd2894,SP,25,7.14,-8.93,3.79,367.48,0,114.29,Reliable
b9ca8e8baa5d4aa038394a700f63e69f,SP,14,7.14,-9.07,4.21,65.71,0,114.57,Reliable
45213867cefbf2cd4c6177e10216a951,SP,14,7.14,-13.29,3.86,276.08,0,123.01,Reliable
b6e1504972665f739dec4facb9943775,SP,14,7.14,-9.0,4.36,127.21,0,114.43,Reliable
4de6e4ba574aa9dfdc824bc44dc47fdd,PR,14,7.14,-18.36,4.07,108.61,0,133.15,Reliable
5a425cc503b39b262a847fd6212bf53b,PR,14,7.14,-9.93,4.14,110.63,0,116.29,Reliable
5a413ade68e8f8d93071a7f52a64cb9e,SP,14,7.14,-4.57,4.64,66.41,0,105.57,Reliable
0ac4201fda2c68ebc0e47cb9423cf3c9,SP,13,7.14,-12.36,4.29,47.77,0,121.15,Reliable
d673a59aac7a70d8b01e6902bf090a11,SP,79,7.14,-12.11,3.96,596.92,0,120.65,Reliable
6860153b69cc696d5dcfe1cdaaafcf62,SP,74,7.14,-9.61,4.11,367.68,0,115.65,Reliable
c847e075301870dd144a116762eaff9a,MG,41,7.14,-10.6,4.1,1767.79,0,117.63,Reliable
70c27847eca8195c983ed7e798c56743,RJ,77,7.14,-11.9,4.2,1602.95,0,120.23,Reliable
c89cf7c468a48af70aada384e722f9e2,RJ,14,7.14,-10.21,3.71,52.1,0,116.85,Reliable
c273175f7c6c80fb02f051e2fc6d0d72,SP,14,7.14,-12.36,3.79,38.42,0,121.15,Reliable
7c1fea10b5b006671d608b1d7c446ec4,SP,14,7.14,-10.71,4.0,56.96,0,117.85,Reliable
7b7f91e98f8c6def45a1407923304402,SP,11,7.14,-13.21,3.5,34.22,0,122.85,Reliable
980640c45d7a4635885491d077167e4d,SP,14,7.14,-10.36,4.64,83.57,0,117.15,Reliable
b8555308bfdb4ca1ed54325a58da9a97,SP,26,7.14,-11.14,4.07,286.05,0,118.71,Reliable
c826c40d7b19f62a09e2d7c5e7295ee2,SP,346,7.12,-9.9,4.08,3856.32,0,116.24,Reliable
66922902710d126a0e7d26b0e3805106,MG,150,7.1,-10.25,4.45,1283.18,0,116.95,Reliable
c8b0e2b0a7095e5d8219575d5e7e1181,SP,84,7.06,-10.84,4.0,884.83,0,118.15,Reliable
f214d28e8d8e3ef068748498ccc2f813,SP,52,7.02,-13.11,4.05,158.11,0,122.71,Reliable
7142540dd4c91e2237acb7e911c4eba2,SP,316,7.01,-13.85,4.03,4801.48,0,124.2,Reliable
dc8798cbf453b7e0f98745e396cc5616,SP,35,6.98,-9.4,3.49,340.18,0,115.31,Reliable
6fc26fe110feebd80a433e1f012a84f9,SP,35,6.94,-14.58,3.79,530.4,0,125.69,Reliable
6e386f64c84e482f0b9abf960797ee1b,SP,29,6.9,-9.59,4.45,721.89,0,115.73,Reliable
edb1ef5e36e0c8cd84eb3c9b003e486d,RJ,165,6.9,-13.55,4.45,4413.35,0,123.65,Reliable
4a3ccda38b2129705f3fb522db62ca31,SP,64,6.85,-11.08,3.81,326.84,0,118.73,Reliable
f7ccf836d21b2fb1de37564105216cc1,SP,69,6.85,-9.01,3.75,260.23,0,114.59,Reliable
02f623a8eb246f3c5f7c2f96462654e6,SP,44,6.82,-10.7,4.45,445.79,0,117.99,Reliable
e8f6dc8e6a1dcde89d20e3995c8d90b3,SP,35,6.82,-20.39,3.57,246.3,0,137.37,Reliable
1ce3ae5a399804d1a87e706f8a813c3e,SC,40,6.82,-16.32,3.73,247.14,0,129.23,Reliable
48436dade18ac8b2bce089ec2a041202,SP,134,6.8,-10.11,4.13,936.3,0,116.82,Reliable
f5a590cf36251cf1162ea35bef76fe84,SP,113,6.78,-11.05,4.28,4273.99,0,118.71,Reliable
3b15288545f8928d3e65a8f949a28291,SP,101,6.78,-11.82,3.92,1522.38,0,120.25,Reliable
de23c3b98a88888289c6f5cc1209054a,SP,161,6.74,-10.61,4.31,1665.88,0,117.85,Reliable
1025f0e2d44d7041d6cf58b6550e0bfa,SP,910,6.69,-11.1,3.85,18071.05,0,118.86,Reliable
989becdce12ebc39863c2bceab6f3ca1,PR,15,6.67,-15.53,4.8,47.11,0,127.73,Reliable
17306570e772e7718c92a562d33f5f1d,SP,27,6.67,-10.0,3.77,787.17,0,116.67,Reliable
128f9bfbe4c7d5185033914b1de3d39a,SP,13,6.67,-13.53,4.8,186.7,0,123.73,Reliable
1b8b75e227c9a9c100d0c210fb6176ce,SP,15,6.67,-19.6,3.93,99.43,0,135.87,Reliable
31da954dc0855f2495c6310f70a2f931,SP,29,6.67,-10.8,4.23,649.74,0,118.27,Reliable
76ea5315acb3f5f7ade3cd261faf922a,SP,15,6.67,-11.2,4.27,69.14,0,119.06,Reliable
d2e753bb80b7d4faa77483ed00edc8ca,BA,14,6.67,-15.53,3.73,145.45,0,127.73,Reliable
2953ce3a88f5e3c3b696d77fc9e4c8eb,SP,14,6.67,-4.87,4.67,48.1,0,106.41,Reliable
2e3be8a987a30d7544dbbda6861cc14e,MG,14,6.67,-10.93,3.6,112.94,0,118.53,Reliable
a6bd7d1ccdac48c6b33b28596b7eb122,PB,15,6.67,-16.33,3.27,1394.77,0,129.32,Reliable
ffc470761de7d0232558ba5e786e57b7,SP,27,6.67,-11.67,4.3,438.84,0,120.01,Reliable
04aba03279157f6d4e0fe8ccaf21963c,RJ,15,6.67,-13.93,4.53,165.31,0,124.53,Reliable
2a6fbeaa7ab9e5d59a35841a8da71ce4,SC,30,6.67,-12.8,3.8,126.09,0,122.27,Reliable
c013e57c075a06e5b5c48ee03c525719,SP,42,6.67,-11.56,4.16,420.6,0,119.79,Reliable
c6a7539d424a8402232c2228d7a03c5e,SP,10,6.67,-10.8,2.6,66.93,0,118.27,Reliable
820cc752a266cdc6c1a1e61dd4583330,PR,15,6.67,-11.67,4.13,124.84,0,120.01,Reliable
6a8a889bde935bafa76d7848782dfaf9,SP,26,6.67,-15.1,3.93,91.02,0,126.87,Reliable
411f3b52d857390502ee4e4d5ceabc2d,SP,21,6.67,-7.03,3.83,226.24,0,110.73,Reliable
87d3c3aeb3ead335511b3ce315eb341e,SP,15,6.67,-8.47,3.27,78.64,0,113.61,Reliable
bd0389da23d89b726abf911cccc54596,DF,87,6.67,-12.49,4.2,649.96,0,121.65,Reliable
dc4a0fc896dc34b0d5bfec8438291c80,SP,225,6.61,-11.49,3.82,2208.96,0,119.67,Reliable
f45122a9ab94eb4f3f8953578bc0c560,SP,184,6.6,-10.35,3.92,1425.23,0,117.4,Reliable
e067ad2c1c0b48758eb1b5228bcf7a68,SP,54,6.56,-10.61,4.13,433.2,0,117.94,Reliable
aba1721a889e04decc910aa13b768ef4,SP,83,6.52,-11.61,4.46,2031.13,0,119.96,Reliable
ad420dd0c4f92f8af951ac24b86d0cf5,MG,42,6.52,-11.67,3.98,543.48,0,120.08,Reliable
1900267e848ceeba8fa32d80c1a5f5a8,SP,406,6.5,-10.11,3.81,2253.2,0,116.97,Reliable
d6b1ce66b035a475f00c017792ff9769,SP,92,6.48,-12.69,3.97,1119.03,0,122.14,Reliable
8a130737016f838139d31878787a39c9,SP,56,6.45,-10.71,4.35,317.08,0,118.2,Reliable
6a51fc556dab5f766ced6fbc860bc613,SP,24,6.45,-11.58,4.13,953.87,0,119.94,Reliable
b335c59ab742f751a85db9c411a86739,MG,30,6.45,-11.1,3.94,366.32,0,118.98,Reliable
2bf6a2c1e71bbd29a4ad64e6d3c3629f,RJ,30,6.45,-14.74,4.19,3759.52,0,126.26,Reliable
7e3f87d16fb353f408d467e74fbd8014,SP,91,6.45,-10.41,4.16,412.77,0,117.59,Reliable
955fee9216a65b617aa5c0531780ce60,SP,1261,6.45,-10.33,4.06,19334.11,0,117.44,Reliable
e06f09ec0a4aca210779cf1cfc63cf19,SP,29,6.45,-17.19,4.03,893.52,0,131.16,Reliable
157c3e4b42f81ac4a44e8b1ca2fe9876,SP,23,6.45,-13.0,3.97,227.58,0,122.78,Reliable
f80edd2c5aaa505cc4b0a3b219abf4b8,SP,116,6.4,-12.14,4.1,1102.24,0,121.08,Reliable
da8622b14eb17ae2831f4ac5b9dab84a,SP,1311,6.4,-11.24,4.06,17104.37,0,119.28,Reliable
00ee68308b45bc5e2660cd833c3f81cc,SP,135,6.4,-10.86,4.3,2249.51,0,118.52,Reliable
c9aafcd0621b2207c10e32c649cada4d,SP,40,6.38,-11.26,4.34,126.02,0,119.33,Reliable
ccc4bbb5f32a6ab2b7066a4130f114e3,PR,184,6.35,-16.85,4.3,4630.23,0,130.53,Reliable
5b925e1d006e9476d738aa200751b73b,SP,63,6.35,-11.22,4.6,568.4,0,119.27,Reliable
82e0a475a88cc9595229d8029273f045,SP,41,6.33,-8.14,3.49,911.26,0,113.11,Reliable
6d66611d7c44cc30ce351abc49a68421,SP,164,6.32,-10.76,3.89,2043.58,0,118.36,Reliable
3be634553519fb6536a03e1358e9fdc7,SP,80,6.32,-10.78,3.99,382.77,0,118.4,Reliable
4371b634e0efc0e22b09b52907d9d469,SP,101,6.31,-10.8,4.4,879.56,0,118.44,Reliable
0be8ff43f22e456b4e0371b2245e4d01,SP,156,6.29,-11.83,3.97,922.94,0,120.52,Reliable
b2ba3715d723d245138f291a6fe42594,SP,324,6.29,-10.05,4.17,2812.83,0,116.96,Reliable
d1c281d3ae149232351cd8c8cc885f0d,SP,214,6.28,-11.49,3.77,1823.29,0,119.84,Reliable
d05ae8f7a5bd1d2a690a44cd079e4e27,RJ,77,6.25,-11.21,3.77,739.74,0,119.3,Reliable
dbdd0ec73a4817971d962698f2fea022,CE,16,6.25,-17.25,4.37,543.29,0,131.38,Reliable
96493fab2fbb13a14d0c0e8772eef5c3,SP,63,6.25,-10.19,3.97,1205.95,0,117.25,Reliable
382229d1e840115ffe3dbf5ff460e417,RJ,45,6.25,-10.42,4.31,464.14,0,117.72,Reliable
8f54d64f28a993550aa7943f12572959,MG,15,6.25,-12.06,3.81,135.19,0,121.0,Reliable
a2b5b6105ea5942300631d2e76f4ffe0,SP,16,6.25,-8.06,4.75,478.14,0,113.0,Reliable
8e8a7ce9f2f970dc00e2acf6f6e199f6,RJ,63,6.25,-11.16,4.0,594.88,0,119.19,Reliable
2be17df1c49978426251562096c3cc09,SC,16,6.25,-16.13,4.19,154.14,0,129.13,Reliable
cd6efc47efaabf134f8bdb654e10b4f1,RJ,31,6.25,-14.03,4.5,325.23,0,124.94,Reliable
d101c6da914ae3d53f7bee42283f2fe2,SP,13,6.25,-21.31,3.81,130.16,0,139.5,Reliable
1987cd4be10fe09ee50454f9c354d1c6,MG,14,6.25,-14.19,4.25,132.97,0,125.25,Reliable
9d7a1d34a5052409006425275ba1c2b4,SP,13,6.25,-12.25,3.75,20.7,0,121.38,Reliable
d4e12e7884759a14fa0f5f896c791cae,SP,29,6.25,-12.28,4.63,99.68,0,121.44,Reliable
70eea00b476a314817cefde4aad4f89a,SP,106,6.25,-12.26,4.34,1944.88,0,121.39,Reliable
1da366cade6d8276e7d8beea7af5d4bf,MG,42,6.25,-8.42,3.9,1285.41,0,113.72,Reliable
fe49ee029e61e789a1f3a5525f57ba8d,SP,16,6.25,-11.88,4.25,116.45,0,120.64,Reliable
165b1235e9e9942cb5fae67103576fb0,SP,11,6.25,-8.31,4.31,212.83,0,113.5,Reliable
e9779976487b77c6d4ac45f75ec7afe9,SP,645,6.23,-9.81,4.19,3914.19,0,116.51,Reliable
f4aba7c0bca51484c30ab7bdc34bcdd1,SP,108,6.09,-15.57,3.9,262.97,0,128.09,Reliable
834f3294fba9f932f56edc879193f925,SP,66,6.06,-9.56,4.55,2747.12,0,116.09,Reliable
6d803cb79cc31c41c4c789a75933b3c7,SP,58,6.06,-14.15,4.27,453.99,0,125.27,Reliable
7a241947449cc45dbfda4f9d0798d9d0,MG,56,6.06,-15.33,3.73,586.51,0,127.63,Reliable
1bb2bdb95f4841f1bba2c0d2cd83d3c9,SP,79,6.02,-13.27,4.52,592.6,0,123.53,Reliable
25c5c91f63607446a97b143d2d535d31,MG,156,6.02,-11.97,3.73,10112.32,0,120.93,Reliable
9b00ed88b7fdb95d6ff76e27c1b52d16,SP,46,6.0,-10.5,4.58,132.3,0,118.0,Reliable
1554a68530182680ad5c8b042c3ab563,MG,246,5.99,-13.73,4.23,2501.39,0,124.47,Reliable
2e1c9f22be269ef4643f826c9e650a52,SP,161,5.99,-10.5,4.21,1072.77,0,118.0,Reliable
4c18691b6037662be2df78a765d98ab5,SP,63,5.97,-11.49,3.84,151.39,0,120.0,Reliable
004c9cd9d87a3c30c522c48c4fc07416,SP,156,5.95,-11.98,4.1,1594.35,0,120.99,Reliable
5656537e588803a555b8eb41f07a944b,DF,171,5.95,-11.96,3.82,679.04,0,120.95,Reliable
8a32e327fe2c1b3511609d81aaf9f042,SP,126,5.92,-14.2,3.89,1193.93,0,125.44,Reliable
1d503743d2526f03f0c2c89540ee008c,SP,12,5.88,-9.41,4.24,46.03,0,115.88,Reliable
4b9750c8ad28220fe6702d4ecb7c898f,SP,217,5.88,-9.38,4.35,1257.74,0,115.82,Reliable
ed8cb7b190ceb6067227478e48cf8dde,SP,15,5.88,-9.82,3.18,30.42,0,116.7,Reliable
bba3293d6f5d5af2f415e004e8b93ae3,SP,17,5.88,-9.0,4.29,562.24,0,115.06,Reliable
7ea5bfa6c340f58f8e71fc1f0412b0d6,MG,96,5.88,-10.24,4.1,808.49,0,117.54,Reliable
c12b92bf1c350f3e6bf88d3596219c86,SP,17,5.88,-13.12,3.88,363.15,0,123.3,Reliable
87d30a6a0cbf89356e49324971ab1d24,SP,17,5.88,-10.76,4.35,61.0,0,118.58,Reliable
dfc5fb7259bb2b599ca565e6e9448f0f,SP,33,5.88,-12.21,4.12,923.44,0,121.48,Reliable
c679fb69a36e1d8349e8c50a217b4d58,RS,14,5.88,-9.71,3.35,72.54,0,116.48,Reliable
63ffcb71394dd8ea3872ed9ffda17c74,RJ,17,5.88,-11.06,3.18,37.93,0,119.18,Reliable
5b33b527da3c5b969cc99dc435cad09a,PR,16,5.88,-13.94,4.12,44.42,0,124.94,Reliable
951e8cef368f09bb3f3d03c00ca4702c,SP,62,5.8,-10.81,4.04,265.05,0,118.72,Reliable
827f8f69dfa529c561901c4f2e0f332f,PR,91,5.77,-10.98,4.17,266.79,0,119.07,Reliable
8d956fec2e4337affcb520f56fd8cbfd,SP,210,5.73,-10.68,4.2,791.08,0,118.5,Reliable
b4a476fbd28de64b1e347abf9089366a,SP,30,5.71,-11.26,3.89,311.54,0,119.66,Reliable
3c7c4a49ec3c6550809089c6a2ca9370,SP,139,5.7,-9.44,3.73,413.82,0,116.03,Reliable
f457c46070d02cadd8a68551231220dd,PR,195,5.65,-12.38,3.79,1692.41,0,121.94,Reliable
59fb871bf6f4522a87ba567b42dafecf,SP,123,5.6,-14.65,4.26,1427.88,0,126.5,Reliable
f1ed6bd0a9b11b581f16c851c6a5a527,RS,17,5.56,-9.22,4.5,115.92,0,115.66,Reliable
6bb0724edf0b62fb91ac404873a97241,SP,17,5.56,-10.44,4.0,359.64,0,118.1,Reliable
2a7dc43cecabf23403078e2188437d1d,SP,52,5.56,-10.26,4.09,510.34,0,117.74,Reliable
fbc14c0cf93505ef89f64665ffa4a7b5,SP,18,5.56,-13.89,3.94,614.49,0,125.0,Reliable
4324dd16853115efb0fd9d0d131ba6f4,SP,12,5.56,-13.94,4.28,108.19,0,125.1,Reliable
f5f2ab9bdb6b30c14c61be68c5ed37da,SP,18,5.56,-14.94,4.28,181.51,0,127.1,Reliable
f4c4daa86e30c7e5a553a8d518ac03a5,PR,18,5.56,-13.56,4.0,276.03,0,124.34,Reliable
ea00f977a203ff88adf7057cb7806998,SP,18,5.56,-6.28,4.28,47.53,0,109.78,Reliable
8e6cc767478edae941d9bd9eb778d77a,MG,100,5.56,-13.48,3.94,718.1,0,124.18,Reliable
1fdc574883ef3b33ad41562d93f3a74a,SP,18,5.56,-11.5,4.44,182.83,0,120.22,Reliable
da7039f29f90ce5b4846ffc0fcc93beb,SP,17,5.56,-11.78,4.56,68.84,0,120.78,Reliable
2646baaf662d4d92ac48f047e35db92d,SP,15,5.56,-11.67,4.56,38.68,0,120.56,Reliable
5b179e9e8cc7ab6fd113a46ca584da81,SP,34,5.56,-13.58,3.42,283.2,0,124.38,Reliable
99002261c568a84cce14d43fcffb43ea,MT,36,5.56,-12.25,3.72,335.57,0,121.72,Reliable
7a425d299613df3e613bcf9d2eaf5c49,RJ,18,5.56,-12.11,4.11,37.6,0,121.44,Reliable
15cd6eefe58588619aaed41dfa6621b1,MG,16,5.56,-11.0,4.33,53.5,0,119.22,Reliable
46dc3b2cc0980fb8ec44634e21d2718e,RJ,503,5.54,-12.19,4.21,7857.11,0,121.61,Reliable
4992e76a42cb3aad7a7047e0d3d7e729,SP,56,5.48,-10.58,3.88,291.11,0,118.42,Reliable
5f2684dab12e59f83bef73ae57724e45,SP,67,5.48,-11.08,3.75,645.39,0,119.42,Reliable
3d871de0142ce09b7081e2b9d1733cb1,SP,1064,5.48,-13.12,4.11,8038.24,0,123.5,Reliable
1127b7f2594683f2510f1c2c834a486b,SP,110,5.47,-10.67,4.18,4004.67,0,118.61,Reliable
994f04b3718c2bab35c2adfa8afecd2a,SP,47,5.45,-8.51,4.33,245.18,0,114.3,Reliable
dd2bdf855a9172734fbc3744021ae9b9,MG,105,5.45,-22.78,3.62,610.62,0,142.84,Reliable
3ab971ce71839580d2ae5b4e40fe8044,SP,35,5.41,-12.14,3.78,256.17,0,121.58,Reliable
17a053fcb14bd219540cbde0df490be0,SP,124,5.41,-10.13,4.17,3826.61,0,117.56,Reliable
01fdefa7697d26ad920e9e0346d4bd1b,PR,128,5.38,-13.73,4.34,940.75,0,124.77,Reliable
09f952a5f58d2285b0372551ae8f9b01,SP,50,5.36,-12.13,3.87,526.4,0,121.58,Reliable
e5475dcab1e07b63d7f6e902d8f5eda8,SP,19,5.26,-10.42,4.11,53.1,0,118.21,Reliable
179d859f51292aac5c10806a356f7af9,SP,18,5.26,-9.84,4.32,34.81,0,117.05,Reliable
ba90964cff9b9e0e6f32b23b82465f7b,SP,38,5.26,-12.0,4.42,3275.18,0,121.37,Reliable
63b464dbf392c7b80d12d932fa7cafed,SP,36,5.26,-14.84,3.76,406.74,0,127.05,Reliable
45ba18c210d42734ec52c0c1c574e9ee,SP,35,5.26,-12.5,4.05,641.21,0,122.37,Reliable
d354c38a7182125a748cb10474fe963b,RJ,17,5.26,-12.89,4.16,266.44,0,123.15,Reliable
d650b663c3b5f6fb392b6326366efa9a,SP,57,5.26,-11.63,4.37,1309.58,0,120.63,Reliable
67883baaae6134ee81b271a542613728,SP,19,5.26,-6.11,4.11,417.98,0,109.59,Reliable
bf84056e679dbe9c69929847a40e338f,SP,35,5.26,-6.53,3.76,135.65,0,110.43,Reliable
ce69a8021d18961dd2a40269b7c2c293,PR,19,5.26,-11.47,4.47,238.49,0,120.31,Reliable
5dceca129747e92ff8ef7a997dc4f8ca,SP,322,5.25,-11.25,3.97,9481.04,0,119.88,Reliable
bfd27a966d91cfaafdb25d076585f0da,SP,114,5.22,-15.48,4.29,1281.11,0,128.35,Reliable
1f9ab4708f3056ede07124aad39a2554,SP,76,5.19,-13.49,4.05,846.72,0,124.39,Reliable
7a67c85e85bb2ce8582c35f2203ad736,SP,1145,5.19,-11.84,4.24,8746.38,0,121.09,Reliable
d9a84e1403de8da0c3aa531d6d108ba6,SP,53,5.17,-9.95,4.62,156.49,0,117.31,Reliable
45d33f715e24d15a6ccf5c17b3a23e3c,SP,56,5.17,-11.98,4.17,331.91,0,121.38,Reliable
dc317f341ab0e22f39acbd9dbf9b4a1f,RS,55,5.17,-15.19,4.12,730.08,0,127.8,Reliable
08633c14ef2db992c11f840f04fad4cd,SP,74,5.15,-11.85,4.24,838.88,0,121.12,Reliable
001cca7ae9ae17fb1caed9dfb1094831,ES,195,5.13,-13.21,3.91,1757.65,0,123.86,Reliable
b94cc9f10ddc85e4ba73a6f7974e7101,RJ,39,5.13,-12.72,4.08,1606.38,0,122.88,Reliable
a17f621c590ea0fab3d5d883e1630ec6,SP,63,5.13,-10.53,3.96,222.92,0,118.5,Reliable
cc419e0650a3c5ba77189a1882b7556a,SP,1651,5.12,-13.05,4.13,7307.8,0,123.54,Reliable
6560211a19b47992c3666cc44a7e94c0,SP,1819,5.11,-11.71,3.92,8925.59,0,120.86,Reliable
b6d44737c043328708f6749c2dbe50bd,SP,61,5.06,-14.35,4.57,375.25,0,126.17,Reliable
c70c1b0d8ca86052f45a432a38b73958,SP,260,5.06,-9.15,4.28,2769.81,0,115.77,Reliable
fa40cc5b934574b62717c68f3d678b6d,SP,304,5.04,-11.37,4.43,1254.95,0,120.22,Reliable
f8db351d8c4c4c22c6835c19a46f01b0,SP,659,5.04,-11.69,4.23,4289.63,0,120.86,Reliable
430315b7bb4b6e4b3c978f9dfa9b0558,SP,19,5.0,-13.75,4.0,46.15,0,125.0,Reliable
67bf6941ba2f1fa1d02c375766bc3e53,PR,15,5.0,-10.2,4.3,405.24,0,117.9,Reliable
6288c69c4ce638e59925e59193f98b16,SP,20,5.0,-12.05,4.25,118.37,0,121.6,Reliable
808d4348b916efa08e766ebad39f61eb,SP,20,5.0,-9.35,4.6,41.4,0,116.2,Reliable
542917da124346b47ea1ac79a93ce454,PR,20,5.0,-14.0,4.15,26.99,0,125.5,Reliable
9bcdfa7b615b3abb9461d9e3ad9886ae,SC,14,5.0,-14.6,4.6,393.07,0,126.7,Reliable
c003204e1ab016dfa150abc119207b24,SP,195,5.0,-11.57,4.44,1472.05,0,120.64,Reliable
b4f8921fcc4ff77b66bea6dda43dcd51,RS,18,5.0,-17.75,4.6,2225.69,0,133.0,Reliable
33c51922b6e3c16b24a8f28e5833c99d,PR,18,5.0,-13.85,3.85,939.98,0,125.2,Reliable
3dbbce181edfaa4a597ec858c382d2ec,PR,17,5.0,-10.5,4.35,55.28,0,118.5,Reliable
8cbac7e12637ed9cffa18c7875207478,SC,66,4.94,-14.06,4.19,248.79,0,125.65,Reliable
8f119a0aee85c0c8fc534629734e94fd,SP,75,4.94,-10.74,4.25,287.57,0,119.01,Reliable
a1043bafd471dff536d0c462352beb48,MG,702,4.92,-12.48,4.24,7417.07,0,122.5,Reliable
870d0118f7a9d85960f29ad89d5d989a,MG,45,4.92,-10.07,4.02,303.57,0,117.68,Reliable
fdb9095204a334cd8872252ffec6f2db,SP,46,4.92,-11.95,4.13,382.68,0,121.44,Reliable
d9bd94811c3338dceb4181f3dbc0c73e,SP,54,4.92,-8.52,4.82,624.69,0,114.58,Reliable
75fbb52eda0cbc24f479d3b2fbfa8d3e,GO,38,4.88,-14.1,4.49,73.55,0,125.76,Reliable
43f8c9950d11ecd03a0304a49e010da6,SP,41,4.88,-12.29,4.56,232.35,0,122.14,Reliable
ceaec5548eefc6e23e6607c5435102e7,SP,198,4.85,-15.23,4.14,2669.1,0,128.03,Reliable
d2374cbcbb3ca4ab1086534108cc3ab7,SP,514,4.84,-15.44,3.65,2035.21,0,128.46,Reliable
a2e874074c877c5a05abae80ad6e488f,SP,40,4.76,-15.88,4.19,481.07,0,129.38,Reliable
f97e2b0650c2068227e1d366140eb62f,SP,16,4.76,-18.76,3.48,291.37,0,135.14,Reliable
b56906f7fd1696e043f1bcce164c487b,SP,40,4.76,-14.6,3.95,133.22,0,126.82,Reliable
3a734b715d333a2588a3d54a0c9b8746,SP,15,4.76,-12.81,4.67,92.35,0,123.24,Reliable
eb5b6204dde3a6e03b5f1bb8479f055b,SP,19,4.76,-13.14,3.86,27.29,0,123.9,Reliable
d25aa0aaacb370e912f8cf6efeba38b3,SC,17,4.76,-16.71,4.52,137.49,0,131.04,Reliable
83deb69e889cf80f82be1dc6d5f2d486,SC,40,4.76,-11.88,4.36,399.89,0,121.38,Reliable
d03698c2efd04a549382afa6623e27fb,BA,18,4.76,-15.52,4.52,1069.22,0,128.66,Reliable
66fd84ee7528c0c0de85d0f44a73d5ab,RS,11,4.76,-17.67,2.9,144.2,0,132.96,Reliable
af3ef48d0e13835e529c29ac573c63e5,SP,21,4.76,-11.38,3.76,72.71,0,120.38,Reliable
e63e8bfa530fb16910dd6956e592bb81,SP,41,4.76,-13.69,4.33,82.89,0,125.0,Reliable
31344c16881c08a8a72c6d2eb29918c1,MG,42,4.76,-10.33,4.43,575.42,0,118.28,Reliable
4830e40640734fc1c52cd21127c341d4,SP,204,4.72,-11.2,4.18,689.14,0,120.04,Reliable
850f4f8af5ea87287ac68de36e29107f,SP,186,4.71,-14.79,4.2,1463.06,0,127.22,Reliable
53e4c6e0f4312d4d2107a8c9cddf45cd,SP,463,4.69,-13.43,4.06,1670.69,0,124.52,Reliable
18a349e75d307f4b4cc646a691ed4216,SP,109,4.69,-14.84,3.49,348.13,0,127.34,Reliable
7e93a43ef30c4f03f38b393420bc753a,SP,319,4.66,-12.16,4.35,9079.28,0,121.99,Reliable
3586b8580d9c917874e053a1bb37b5ff,SP,36,4.65,-17.0,4.44,220.36,0,131.68,Reliable
670c26e0f1bf8d0576271d5cfaec6d2b,PR,77,4.65,-13.76,4.35,414.05,0,125.19,Reliable
44073f8b7e41514de3b7815dd0237f4f,DF,142,4.64,-15.81,3.72,1032.58,0,129.3,Reliable
01cf7e3d21494c41fb86034f2e714fa1,PR,59,4.62,-15.18,4.12,1278.39,0,128.05,Reliable
0c8380b62e38e8a1e6adbeba7eb9688c,MG,180,4.59,-12.42,4.02,1094.09,0,122.55,Reliable
05d2173d43ea568aa0540eba70d2ca76,MG,62,4.55,-11.61,3.88,331.49,0,120.94,Reliable
ce616e1913288884e7742faac9d981db,SP,14,4.55,-12.45,4.64,107.46,0,122.62,Reliable
9dda5bbacd45e18d6485fee649205d09,MG,19,4.55,-8.95,4.23,123.04,0,115.62,Reliable
6aa3928696eab49a19a466e665a649fd,RJ,18,4.55,-14.05,4.55,202.34,0,125.82,Reliable
c35672b10ad50968f567ea3f4b91e877,RJ,18,4.55,-13.41,4.45,88.06,0,124.54,Reliable
5670f4db5b62c43d542e1b2d56b0cf7c,SP,22,4.55,-14.14,4.41,18.92,0,126.0,Reliable
e24d3429d294b2eb200b064ebb035879,SP,19,4.55,-10.77,4.14,138.63,0,119.26,Reliable
412a4720f3e9431b4afa1476a1acddbe,SP,21,4.55,-9.86,4.27,62.95,0,117.44,Reliable
d9442042130b7fe579d1295f9f4a248f,SP,19,4.55,-7.86,4.23,33.84,0,113.44,Reliable
c66dccfb3f109511246da627dd5a2498,SP,44,4.55,-14.98,4.57,388.39,0,127.69,Reliable
55f7a3319d80f7fdf078b8f03e6725fe,SP,22,4.55,-6.5,3.77,151.7,0,110.72,Reliable
503c1de08ae81a2d86f17951b204db55,SP,22,4.55,-11.91,4.41,234.22,0,121.54,Reliable
cca3071e3e9bb7d12640c9fbe2301306,SP,699,4.53,-15.27,3.81,4347.32,0,128.28,Reliable
2138ccb85b11a4ec1e37afbd1c8eda1f,SP,388,4.53,-12.67,3.91,929.23,0,123.08,Reliable
7d456afc660226829370f3173d14520c,SP,55,4.49,-12.65,4.26,828.98,0,123.05,Reliable
41b39e28db005d9731d9d485a83b4c38,SP,187,4.48,-18.41,4.21,1112.38,0,134.58,Reliable
0adac9fbd9a2b63cccaac4f8756c1ca8,SP,106,4.48,-11.27,4.01,387.65,0,120.3,Reliable
92eb0f42c21942b6552362b9b114707d,SP,334,4.47,-10.38,3.94,573.97,0,118.53,Reliable
5a8e7d5003a1f221f9e1d6e411de7c23,SP,137,4.47,-12.44,4.19,1150.33,0,122.64,Reliable
0241d4d5d36f10f80c644447315af0bd,PR,238,4.47,-13.02,4.29,1551.74,0,123.81,Reliable
276677b5d08786d5dce7c2149dcce48b,MG,31,4.44,-10.22,3.89,357.19,0,118.22,Reliable
afe0067131b73e40875c9b6c10bd2e21,MG,45,4.44,-11.4,4.18,288.08,0,120.58,Reliable
b32be1695eb7ec5f10f72d9610a12527,RS,44,4.44,-13.78,4.07,1917.18,0,125.34,Reliable
5f3ae9136c875522250f8184f253413a,SP,42,4.44,-12.11,4.58,56.34,0,122.0,Reliable
4a1f694197d05fe70026b016a7316b41,SP,14,4.35,-14.74,4.39,54.31,0,127.31,Reliable
4e06067cc08b3f41d837768d392c3ee3,MG,31,4.35,-14.39,4.17,196.12,0,126.61,Reliable
e84ad2127668df3aafc6b73531a0beb8,SP,19,4.35,-7.57,4.39,88.18,0,112.97,Reliable
82bd0703a4aefd6b599e5bfdaed378fb,SP,20,4.35,-21.13,3.83,38.75,0,140.09,Reliable
1b4c3a6f53068f0b6944d2d005c9fc89,SC,111,4.35,-12.81,4.1,736.5,0,123.45,Reliable
9596c870880d900012f2e8e6e30d06d7,MG,21,4.35,-12.43,4.17,64.33,0,122.69,Reliable
343e716476e3748b069f980efbaa294e,SP,16,4.35,-15.78,3.78,31.01,0,129.38,Reliable
7c5b05cbdb5542049f38d90d7815b97d,SP,21,4.35,-12.39,4.57,27.39,0,122.61,Reliable
f0837c8d71434931d9e38e7b79234797,RS,22,4.35,-20.17,4.61,132.52,0,138.17,Reliable
128639473a139ac0f3e5f5ade55873a5,PR,527,4.33,-12.27,4.16,1164.12,0,122.38,Reliable
d50d79cb34e38265a8649c383dcffd48,SP,70,4.29,-13.29,4.19,624.65,0,124.44,Reliable
79ebd9a61bac3eaf882805ed4ecfa12a,PR,133,4.29,-12.38,4.02,725.61,0,122.62,Reliable
dee656f0f566ed1aa85bd137c943f08f,SP,92,4.26,-14.12,4.38,284.55,0,126.11,Reliable
dbb9b48c841a0e39e21f98e1a6b2ec3e,SP,108,4.24,-11.81,4.2,648.71,0,121.5,Reliable
a3a38f4affed601eb87a97788c949667,SC,251,4.23,-14.66,4.37,1582.76,0,127.21,Reliable
2528513dd95219a6013d4d05176e391a,SP,160,4.22,-12.29,3.89,2070.01,0,122.47,Reliable
7299e27ed73d2ad986de7f7c77d919fa,MG,335,4.19,-12.63,4.43,2508.16,0,123.17,Reliable
e99e927c81e3f51739c94fcdfca9f10f,MG,21,4.17,-9.92,3.63,189.92,0,117.76,Reliable
0509040ea3fe50071181bbc359eb7738,MG,87,4.17,-10.76,4.45,183.0,0,119.44,Reliable
7b07b3c7487f0ea825fc6df75abd658b,SP,91,4.17,-11.01,4.4,660.93,0,119.94,Reliable
04e38a233f726ef161074ab1c9b0399a,SP,19,4.17,-5.79,4.17,53.5,0,109.5,Reliable
0d33a55da925bbf1ff02af5f6059fc7f,SP,22,4.17,-12.5,4.5,26.0,0,122.92,Reliable
113e3a788b935f48aad63e1c41dac1bd,SP,39,4.17,-15.69,4.31,83.31,0,129.3,Reliable
81a1104df0f08b59c68aa5b03cfe398e,PR,72,4.17,-13.71,4.19,1602.84,0,125.34,Reliable
6edacfd9f9074789dad6d62ba7950b9c,SP,205,4.17,-11.65,4.38,817.01,0,121.22,Reliable
b39d7fe263ef469605dbb32608aee0af,SP,43,4.17,-16.37,3.71,414.91,0,130.66,Reliable
a5a1bfcf728ab0e19182959cf0771ee4,SP,21,4.17,-10.79,4.29,75.07,0,119.5,Reliable
066a6914e1ebf3ea95a216c73a986b91,PR,66,4.17,-16.78,3.97,382.11,0,131.48,Reliable
db4350fd57ae30082dec7acbaacc17f9,SP,136,4.14,-15.55,4.12,344.89,0,129.03,Reliable
87142160b41353c4e5fca2360caf6f92,RS,305,4.13,-14.97,4.35,2057.18,0,127.88,Reliable
0c7533c71df861ec58ad7ff999ed0e8d,SP,61,4.11,-9.81,4.08,150.69,0,117.56,Reliable
1c129092bf23f28a5930387c980c0dfc,SP,200,4.11,-10.27,4.16,490.03,0,118.48,Reliable
813348c996469b40f2e028d5429d3495,SP,172,4.1,-10.89,3.94,622.77,0,119.73,Reliable
f789d2c4f2c2eb38fc4373e7a4b35264,MG,44,4.08,-14.88,4.18,226.99,0,127.72,Reliable
e333046ce6517bd8bb510291d44f0130,SP,68,4.05,-13.58,4.39,302.22,0,125.13,Reliable
688756f717c462a206ad854c5027a64a,SP,81,4.04,-7.71,3.68,761.96,0,113.4,Reliable
dbd66278cbfe1aa1000f90a217ca4695,SP,85,4.04,-12.53,4.45,307.77,0,123.04,Reliable
9d4db00d65d7760644ac0c14edb5fd86,SP,97,4.04,-11.68,4.49,402.4,0,121.34,Reliable
1da3aeb70d7989d1e6d9b0e887f97c23,SP,261,4.01,-11.71,4.07,695.34,0,121.42,Reliable
7dc8c42cc750eeafea6c85712ffee9bf,SP,41,4.0,-13.42,4.26,373.86,0,124.84,Reliable
25cf099de44674fde97473224f9d59ab,SP,50,4.0,-12.92,4.24,81.54,0,123.84,Reliable
1fe5540d7c1c37a595fefbacd5570d9e,RJ,20,4.0,-14.4,4.28,208.42,0,126.8,Reliable
a938325a4b357fd23a6a4d5bb126408e,RJ,24,4.0,-11.72,3.88,118.02,0,121.44,Reliable
df56d7b40d437f88407c5f78b63bc328,PR,22,4.0,-12.04,3.88,155.88,0,122.08,Reliable
b83cedfb587e7911540e3f576d6917ce,SP,24,4.0,-9.48,4.24,45.6,0,116.96,Reliable
cb3dd9ce66268c7a3ca7241ac70ab58c,SP,48,4.0,-13.48,4.2,230.9,0,124.96,Reliable
94144541854e298c2d976cb893b81343,RS,68,3.95,-15.07,4.28,660.75,0,128.17,Reliable
7008613ea464bad5cb9b83456e1e6a8f,SC,123,3.95,-14.15,4.26,350.73,0,126.33,Reliable
abcd2cb37d46c2c8fb1bf071c859fc5b,MT,44,3.92,-16.67,4.31,415.58,0,131.38,Reliable
c33847515fa6305ce6feb1e818569f13,SC,114,3.91,-15.44,3.72,1193.86,0,128.93,Reliable
080102cd0a76b09e0dcf55fcacc60e05,MG,122,3.91,-11.88,4.53,320.61,0,121.81,Reliable
f7720c4fa8e3aba4546301ab80ea1f1b,PR,59,3.9,-14.73,4.23,153.97,0,127.51,Reliable
4d6d651bd7684af3fffabd5f08d12e5a,SP,363,3.86,-13.03,4.19,2293.65,0,124.13,Reliable
a3f0b55de503387383c7b1de3ad7f678,PR,24,3.85,-14.5,4.38,353.27,0,127.08,Reliable
af4a0e4cfe1d9c26b6712b1be25a72e5,MG,21,3.85,-13.58,3.5,246.46,0,125.23,Reliable
cd06602b43d8800bd0afad514919d35c,SP,43,3.85,-11.63,3.73,54.53,0,121.34,Reliable
ccf8813e5a7d6c84d865cd38bfc2b130,SP,26,3.85,-13.5,4.38,125.64,0,125.08,Reliable
ed4311e67debd72b8610a5347a743087,SP,25,3.85,-8.85,4.31,157.25,0,115.78,Reliable
f7496d659ca9fdaf323c0aae84176632,SP,25,3.85,-20.85,4.58,131.94,0,139.78,Reliable
cea729054f157f5870bdd321a958d994,SP,24,3.85,-9.35,4.19,81.82,0,116.78,Reliable
730937bf88cb151eb2eb849f642fc213,SP,22,3.85,-10.5,4.42,142.73,0,119.08,Reliable
10076e5788b8ee532724bcd460baf762,SP,23,3.85,-12.27,4.62,50.65,0,122.62,Reliable
aafe36600ce604f205b86b5084d3d767,SC,129,3.82,-13.15,4.38,522.07,0,124.39,Reliable
d91fb3b7d041e83b64a00a3edfb37e4f,SP,524,3.81,-12.71,4.11,1613.79,0,123.52,Reliable
669ae81880e08f269a64487cfb287169,SC,161,3.78,-14.28,4.13,669.2,0,126.67,Reliable
0691148aee60ca47977c187804f935ae,PR,47,3.77,-12.75,3.98,347.28,0,123.61,Reliable
7202e2ba20579a9bd1acb29e61fe71f6,SP,51,3.77,-12.17,3.87,513.88,0,122.45,Reliable
9f505651f4a6abe901a56cdc21508025,SP,393,3.76,-11.06,4.27,1218.1,0,120.24,Reliable
00fc707aaaad2d31347cf883cd2dfe10,PR,103,3.7,-15.53,3.76,751.83,0,129.21,Reliable
093805f8f2aeb63881444571e1f48f30,SP,22,3.7,-10.78,3.81,46.52,0,119.71,Reliable
9de4643a8dbde634fe55621059d92273,SC,72,3.7,-11.58,4.53,1295.97,0,121.31,Reliable
1dc2de47ee26a0a5b12dc14fd6dc0dea,SP,25,3.7,-8.93,4.52,82.37,0,116.01,Reliable
20d83f3ef0e6925fd74bfd59170babf7,SP,40,3.7,-11.61,4.35,132.36,0,121.37,Reliable
640e21a7d01df7614a3b4923e990d40c,SP,115,3.68,-10.32,4.29,323.2,0,118.8,Reliable
282f23a9769b2690c5dda22e316f9941,MG,98,3.67,-12.12,4.33,903.6,0,122.41,Reliable
0db783cfcd3b73998abc6e10e59a102f,SP,132,3.65,-13.09,4.18,373.25,0,124.35,Reliable
710e3548e02bc1d2831dfc4f1b5b14d4,PR,131,3.65,-21.99,3.44,948.73,0,142.16,Reliable
2dee2ce60de9709b1a24083217181a1f,MT,54,3.64,-17.15,4.36,649.1,0,132.48,Reliable
eeb6de78f79159600292e314a77cbd18,SC,82,3.61,-16.86,4.42,5231.3,0,131.91,Reliable
701938c450705b8ae65fc923b70f35c7,SP,74,3.6,-11.68,3.72,807.91,0,121.56,Reliable
52d76513f0c4d97f3b99570e2c94ee31,RS,19,3.57,-19.32,3.46,196.6,0,136.86,Reliable
a7f13822ceb966b076af67121f87b063,SP,73,3.57,-16.73,3.45,709.91,0,131.68,Reliable
d624126b9206f595fb3fbb6ba03b28a8,PR,23,3.57,-16.18,4.18,940.65,0,130.57,Reliable
38e679b9e0064cd94c6f035707344dae,PR,27,3.57,-16.86,4.0,86.98,0,131.94,Reliable
2e13c71026e1a39ba5cc1b86dcb679aa,SP,24,3.57,-14.18,4.25,49.23,0,126.58,Reliable
750303a20e9c56b2a6bc45cdce0b897d,GO,53,3.57,-12.46,4.34,94.32,0,123.14,Reliable
ebd2d60905fb58271facef5596b620d3,SP,82,3.53,-11.28,4.24,377.49,0,120.8,Reliable
e8b3a3a38279a82f0e5d006d5e5b7d2c,PR,80,3.53,-18.79,3.93,522.17,0,135.81,Reliable
1c68394e931a64f90ea236c5ea590300,PR,142,3.51,-15.43,3.93,1152.92,0,129.11,Reliable
1a3df491d1c4f1589fc2b934ada68bf2,SC,160,3.51,-13.04,4.25,917.12,0,124.33,Reliable
537eb890efff034a88679788b647c564,RJ,158,3.51,-12.45,4.18,238.28,0,123.15,Reliable
3bdff180c7e1f6551a643b99c265a120,SP,56,3.45,-12.36,4.1,491.68,0,123.0,Reliable
d379f449f2a3b271bc01c0782020f705,MG,28,3.45,-14.86,3.93,66.98,0,128.0,Reliable
8fdca8e349553f99bc738833a62c8802,SP,22,3.45,-12.34,4.21,32.39,0,122.96,Reliable
c864036feaab8c1659f65ea4faebe1da,PR,58,3.45,-13.36,4.57,366.5,0,125.0,Reliable
0bb738e4d789e63e2267697c42d35a2d,SP,28,3.45,-14.1,4.62,87.05,0,126.48,Reliable
e883aa812c37a7413226856f4579fe91,SP,26,3.45,-12.97,3.9,94.52,0,124.22,Reliable
376a891762bbdecbc02b4b6adec3fdda,GO,57,3.45,-15.31,4.67,171.19,0,128.9,Reliable
5f5b43b2bffa8656e4bc6efeb13cc649,SP,27,3.45,-13.9,4.45,381.76,0,126.08,Reliable
30a2f535bb48308f991d0b9ad4a8c4bb,SP,71,3.45,-12.91,4.25,355.84,0,124.09,Reliable
4e7c18b98d84e05cbae3ff0ff03846c2,SP,81,3.41,-13.17,4.11,385.39,0,124.64,Reliable
c6bda72e4dbf5c5866b13cb1810c6d03,SP,59,3.39,-12.27,4.39,262.14,0,122.84,Reliable
062ce95fa2ad4dfaedfc79260130565f,RS,54,3.39,-13.47,4.02,279.45,0,125.25,Reliable
6b243f80ed07b10f0e8aa0f21a205f3c,PR,79,3.37,-14.43,4.02,340.58,0,127.17,Reliable
0b90b6df587eb83608a64ea8b390cf07,PR,163,3.35,-18.31,4.0,906.24,0,134.94,Reliable
05ff92fedb5be47920fea08e501238b9,RS,57,3.33,-17.83,4.28,920.81,0,134.0,Reliable
974cf2cb8f4b7add98709c30df02fe10,SP,30,3.33,-13.8,4.17,107.09,0,125.94,Reliable
729b2d09b2a0bdab221076327f13d050,SP,48,3.33,-13.0,4.58,80.85,0,124.33,Reliable
1464afc72f696af775557a821c2e253f,RJ,29,3.33,-12.7,4.17,58.0,0,123.73,Reliable
5b67882648febfb6e1225e6ad7164f6b,PR,27,3.33,-13.5,4.03,99.13,0,125.33,Reliable
02f5837340d7eb4f653d676c7256523a,PR,30,3.33,-17.33,4.83,201.45,0,133.0,Reliable
06df0c10d34e459d9672bc77388742eb,PR,26,3.33,-14.67,4.37,322.8,0,127.67,Reliable
2199e7fe213c16213bf5d6a7eadc9a5d,SP,24,3.33,-13.2,4.4,94.69,0,124.73,Reliable
3078096983cf766a32a06257648502d1,SP,56,3.28,-12.43,4.3,955.31,0,123.22,Reliable
7178f9f4dd81dcef02f62acdf8151e01,SC,202,3.26,-18.67,4.03,3101.47,0,135.71,Reliable
4917cee8d902e13428c3ec4b1ca6f315,SC,31,3.23,-9.94,4.16,180.53,0,118.27,Reliable
30829ded4523ab9224b93bc49a62c95f,RS,18,3.23,-18.65,3.58,673.5,0,135.69,Reliable
95ec4458365c4d11f452ccf538377619,SP,27,3.23,-12.68,4.13,56.41,0,123.75,Reliable
f00e21b1e91a79653163b7fd8f293ff1,SP,31,3.23,-16.23,3.97,80.79,0,130.84,Reliable
72c5da29406b4234927b81855e7b64f6,SP,31,3.23,-16.58,4.13,313.99,0,131.55,Reliable
36a968b544695394e4e9d7572688598f,SP,148,3.21,-12.31,3.72,238.33,0,123.02,Reliable
2ff97219cb8622eaf3cd89b7d9c09824,SP,87,3.19,-9.39,4.55,228.09,0,117.19,Reliable
9b013e03b2ab786505a1d3b5c0756754,SP,170,3.18,-10.14,3.95,601.24,0,118.69,Reliable
de722cd6dad950a92b7d4f82673f8833,PE,337,3.18,-16.12,4.16,1882.14,0,130.65,Reliable
e7d5b006eb624f13074497221eb37807,SP,28,3.17,-8.21,3.11,293.36,0,114.84,Reliable
febab0275244b9a49a623f0bd613ca2f,SP,106,3.17,-11.75,4.32,584.88,0,121.92,Reliable
95e03ca3d4146e4011985981aeb959b9,RJ,172,3.16,-15.21,3.96,431.95,0,128.84,Reliable
33576ec5412fb5905d876f12f33bfde6,PR,31,3.13,-17.22,4.13,116.68,0,132.88,Reliable
4ebdc7e6cd6102a022dadc49156d4ea8,SP,29,3.13,-10.72,3.75,42.72,0,119.88,Reliable
5d3bb11474a06bdc23fb9e89f1164ee0,SP,31,3.13,-13.53,3.94,109.4,0,125.5,Reliable
ff063b022a9a0aab91bad2c9088760b7,SP,94,3.13,-12.03,4.24,381.65,0,122.5,Reliable
cce6ab8d1682639fe45ab70234f1665f,SP,61,3.12,-13.83,4.53,115.2,0,126.1,Reliable
95f83f51203c626648c875dd41874c7f,MG,50,3.08,-14.26,3.22,273.32,0,126.98,Reliable
1838dd9b8977065acf51d95e0053ea7a,MG,62,3.08,-11.09,4.34,104.32,0,120.64,Reliable
80e6699fe29150b372a0c8a1ebf7dcc8,PR,96,3.06,-16.2,4.31,423.82,0,130.87,Reliable
3c487ae8f8d7542beff5788e2e0aea83,DF,30,3.03,-11.06,3.91,325.73,0,120.61,Reliable
2b1a40c1daabc6ca280c4b815c101841,MG,22,3.03,-14.06,3.79,438.19,0,126.61,Reliable
6061155addc1e54b4cfb51c1c2a32ad8,SP,28,3.03,-9.09,4.7,1291.39,0,116.66,Reliable
562fc2f2c2863ab7e79a9e4388a58a14,SP,255,3.02,-13.21,4.22,379.83,0,124.91,Reliable
53243585a1d6dc2643021fd1853d8905,BA,348,3.0,-11.6,4.11,7858.02,0,121.7,Reliable
aced59e9b31ef866a94f9e7f29d8d418,SP,61,2.99,-11.34,4.45,492.47,0,121.19,Reliable
b76dba6c951ab00dc4edf0a1aa88037e,SP,157,2.99,-16.76,4.14,198.75,0,132.03,Reliable
966cb4760537b1404caedd472cc610a5,SP,67,2.99,-15.54,4.13,1417.9,0,129.58,Reliable
18e694e0e48ed6f7aa3f24aade5fd697,SP,31,2.94,-13.41,4.68,60.98,0,125.35,Reliable
ea67327e24487bdfac5fbfa37ea124df,SP,32,2.94,-15.24,3.56,181.95,0,129.01,Reliable
575df70bde3f9f2b30bf8d2e9910d725,SP,27,2.94,-17.79,4.12,340.29,0,134.11,Reliable
76d64c4aca3a7baf218bf93ef7fa768d,PR,64,2.9,-15.49,4.13,625.69,0,129.53,Reliable
1e8b33f18b4f7598d87f5cbee2282cc2,SP,122,2.88,-10.99,4.24,683.91,0,120.54,Reliable
232a6014e7b10cba61c6c2b2ea6bb4b0,SP,32,2.86,-14.26,4.09,121.09,0,127.09,Reliable
fcb5ace8bcc92f75707dc0f01a27d269,SP,59,2.86,-9.2,3.84,282.18,0,116.97,Reliable
c8417879a15366a17c30af34c798c332,SP,25,2.86,-9.89,3.91,53.11,0,118.35,Reliable
fde0cc9ea29c8ccfc0a2c22256a58c71,PR,35,2.86,-16.34,4.49,123.82,0,131.25,Reliable
8bd0f31cf0a614c658f6763bd02dea69,SP,33,2.86,-12.91,4.09,49.72,0,124.39,Reliable
b92e3c8f9738272ff7c59e111e108d7c,MG,62,2.86,-42.89,4.06,331.42,0,184.35,Reliable
240b9776d844d37535668549a396af32,RJ,35,2.86,-11.26,4.34,701.85,0,121.09,Reliable
7722b1df1b0e383e000397b2c11e3e19,SP,133,2.78,-12.2,4.19,340.59,0,123.01,Reliable
3c4e0452bff7a2a788179488d3d77032,PR,32,2.78,-15.61,3.64,136.18,0,129.83,Reliable
b839e41795b7f3ad94cc2014a52f6796,SP,33,2.78,-13.28,4.03,824.08,0,125.17,Reliable
c8b3445d737de6befde0c88ede534a5e,SP,30,2.78,-10.56,3.97,133.38,0,119.73,Reliable
1771297ac436903d1dd6b0e9279aa505,SP,28,2.78,-16.03,4.5,40.87,0,130.67,Reliable
d94a40fd42351c259927028d163af842,MG,100,2.75,-14.18,4.02,449.54,0,126.98,Reliable
116ccb1a1604bc88e4d234a8c23f33de,SP,61,2.74,-10.81,4.6,51.7,0,120.25,Reliable
aaed1309374718fdd995ee4c58c9dfcd,SC,104,2.7,-17.3,4.05,343.52,0,133.25,Reliable
a3dd39f583bc80bd8c5901c95878921e,BA,34,2.7,-11.76,4.59,156.06,0,122.17,Reliable
594f9aaa48e5bf431f011ddc5669b0d5,MG,37,2.63,-14.05,4.58,61.4,0,126.78,Reliable
cc5a78bbad32776dc4e3af205218368c,MG,33,2.63,-16.61,4.47,78.2,0,131.91,Reliable
4b5f66b7adcf57f1ecc0d3c07dd6b177,PR,23,2.63,-14.37,3.97,211.26,0,127.42,Reliable
bacb1f0ed56ad24198f5810d2b3fe9a5,SP,38,2.63,-13.34,4.21,170.78,0,125.37,Reliable
32b8764b4ef628b53608fc34011fcc13,SC,36,2.63,-14.74,4.24,337.33,0,128.16,Reliable
98dac6635aee4995d501a3972e047414,SP,89,2.63,-11.71,3.85,318.54,0,122.11,Reliable
25e6ffe976bd75618accfe16cefcbd0d,SP,106,2.61,-14.55,4.42,282.19,0,127.79,Reliable
9e6229250fedbe05838fef417b74e7fb,SP,73,2.6,-15.53,3.9,366.91,0,129.76,Reliable
42bde9fef835393bb8a8849cb6b7f245,DF,34,2.56,-14.31,4.28,678.85,0,127.34,Reliable
d23019c84ffae2d5ef2270367b8605fc,PR,39,2.56,-14.38,4.41,2060.2,0,127.48,Reliable
96804ea39d96eb908e7c3afdb671bb9e,MG,37,2.56,-13.21,3.97,127.16,0,125.14,Reliable
01fd077212124329bac32490e8ef80d9,SP,31,2.56,-11.95,4.31,35.23,0,122.62,Reliable
5f1dc28029d2c244352a68107ec2b542,SP,62,2.56,-15.95,4.37,251.04,0,130.62,Reliable
2a84855fd20af891be03bc5924d2b453,MG,155,2.52,-12.48,4.33,417.73,0,123.7,Reliable
37be5a7c751166fbc5f8ccba4119e043,SP,269,2.52,-13.57,4.28,1396.37,0,125.88,Reliable
d1b65fc7debc3361ea86b5f14c68d2e2,SP,39,2.5,-16.0,4.65,118.25,0,130.75,Reliable
4bfc7a4a1cf8d4d2121c27422d9e50b5,SP,26,2.5,-10.53,4.22,172.13,0,119.81,Reliable
709e16e2b25c7474d980076c6bfc4806,SP,60,2.5,-13.29,4.53,111.0,0,125.33,Reliable
516e7738bd8f735ac19a010ee5450d8d,RJ,74,2.44,-18.6,4.61,315.85,0,135.98,Reliable
55a5b51f93f2b70ea513f5a047b0262a,MG,39,2.44,-12.49,4.49,150.09,0,123.76,Reliable
66dc1b1632bd6a3e508510c5b3492107,SP,36,2.44,-14.44,3.49,155.63,0,127.66,Reliable
1d4587203296c8f4ad134dc286fa6db0,SP,40,2.44,-11.27,4.37,53.13,0,121.32,Reliable
b4ffb71f0cb1b1c3d63fad021ecf93e1,SP,143,2.44,-15.03,4.03,294.39,0,128.84,Reliable
dbc22125167c298ef99da25668e1011f,MG,394,2.4,-13.9,4.26,1072.48,0,126.6,Reliable
4200ddf1967c5e41e48db62bc6d4b5ac,SP,22,2.38,-11.43,3.74,38.05,0,121.67,Reliable
3340ef1913fb70d28420f6ceb685c339,PR,32,2.38,-11.17,4.33,243.98,0,121.15,Reliable
5a93f3ab0ef4c84ed5e1b5dbf23978bc,SP,38,2.33,-19.05,4.81,132.48,0,136.94,Reliable
6481e96574816ead57975da2c0f6d80d,SP,32,2.33,-11.23,4.14,92.78,0,121.29,Reliable
58f1a6197ed863543e0136bdedb3fce2,MG,42,2.33,-15.35,4.12,200.45,0,129.53,Reliable
7f7b8245c336066a1f9933c359f11d77,SP,38,2.33,-13.02,4.56,90.75,0,124.88,Reliable
bf3c6d2a28b2b5501e6c15448982dcc9,SP,35,2.33,-12.0,4.42,159.21,0,122.83,Reliable
3f995f07c49d0d55a99d5c54957f7d81,SP,43,2.33,-12.12,4.21,94.3,0,123.07,Reliable
9add47bf45ce8e8c7db6b9cf670b1e09,PR,41,2.33,-13.6,4.16,87.44,0,126.03,Reliable
bd23da7354813347129d751591d1a6e2,SP,86,2.3,-10.21,4.08,439.5,0,119.27,Reliable
0432ead42b6c8a0bdf68154add917fdf,SP,82,2.3,-13.46,4.55,209.11,0,125.77,Reliable
817245bcc3badd82bbd222e0366951a6,SP,28,2.27,-13.59,3.77,196.37,0,126.04,Reliable
d66c305afaec317ebee552073a674429,MG,38,2.27,-19.59,4.52,115.42,0,138.04,Reliable
d98eec89afa3380e14463da2aabaea72,RS,168,2.19,-18.71,4.27,231.73,0,136.32,Reliable
381c83fdca332ea6afd896da20bf6e4a,PR,46,2.17,-15.85,4.39,125.2,0,130.62,Reliable
bccf933e006e9b94a6184af782963e77,SP,45,2.17,-13.28,4.43,65.5,0,125.48,Reliable
85d9eb9ddc5d00ca9336a2219c97bb13,MG,499,2.15,-15.69,4.19,547.94,0,130.31,Reliable
33a17d60c64393351ebf1ef860f4e0f2,RS,43,2.13,-16.11,4.62,186.04,0,131.16,Reliable
3d8fa2f5b647373c8620330c4e077a9f,SP,42,2.13,-13.23,3.83,89.45,0,125.4,Reliable
b8bc237ba3788b23da09c0f1f3a3288c,SC,45,2.13,-14.34,4.26,335.48,0,127.62,Reliable
9674754b5a0cb32b638cec001178f799,SP,84,2.11,-11.16,4.05,158.68,0,121.26,Reliable
8bb48dc19fccaa8613b6229bf7f452a2,SP,82,2.11,-13.44,4.34,100.43,0,125.82,Reliable
4c03b9dd4c11ee2cb35c96c49efc9420,SP,48,2.08,-14.15,4.02,68.23,0,127.26,Reliable
c68fb906c8f4b4b946d8386bfa6e5467,SP,45,2.08,-12.81,4.42,84.46,0,124.58,Reliable
229c3efbfb0ea2058de4ccdfbc3d784a,MG,118,2.07,-12.34,3.59,1056.31,0,123.65,Reliable
efcd8d2104f1a05d028af7bad20d974b,SP,46,2.0,-14.52,4.2,56.78,0,128.04,Reliable
ac3508719a1d8f5b7614b798f70af136,RS,101,1.98,-18.11,4.59,287.96,0,135.23,Reliable
cab85505710c7cb9b720bceb52b01cee,SP,201,1.96,-15.77,4.32,287.5,0,130.56,Reliable
e0a366315b1b726b6c7832d664c0f530,SP,43,1.96,-11.69,4.33,110.02,0,122.4,Reliable
5cf13accae3222c70a9cac40818ae839,MG,148,1.94,-14.5,4.43,338.92,0,128.03,Reliable
86ccac0b835037332a596a33b6949ee1,SC,178,1.92,-14.88,4.01,423.37,0,128.8,Reliable
8a432f4e5b471f8da497d7dc517666e2,SP,95,1.89,-12.42,4.12,160.21,0,123.9,Reliable
f680f85bee2d253556ac91be391d2c82,SP,45,1.85,-12.83,4.3,43.28,0,124.73,Reliable
83e197e95a1bbabc8c75e883ed016c47,RJ,46,1.85,-13.81,4.74,142.89,0,126.7,Reliable
a5cba26a62b8b4d0145b68b841e62e7f,PR,53,1.85,-14.8,4.57,302.66,0,128.68,Reliable
6c177e38df6d3f34182b1f1d427231bf,PR,53,1.85,-14.74,4.15,191.07,0,128.56,Reliable
0ef83d7d83ed97cd2a0049ac8be5f88a,PR,48,1.82,-13.89,4.16,157.43,0,126.87,Reliable
2a5b78b41cd05baeac8df54c6606b92c,MG,46,1.79,-18.71,4.3,175.04,0,136.53,Reliable
138dbe45fc62f1e244378131a6801526,SP,49,1.72,-10.0,3.98,25.13,0,119.14,Reliable
8c16d1f32a54d92897cc437244442e1b,SC,108,1.69,-14.88,4.25,183.12,0,128.91,Reliable
1b8356dabde1d35e17cef975c3f82730,SP,55,1.67,-14.28,4.13,75.17,0,127.73,Reliable
289cdb325fb7e7f891c38608bf9e0962,SP,109,1.6,-10.58,4.59,261.62,0,120.36,Reliable
33a6f4b1e7cdc205511e76ba1b6e0186,SP,105,1.59,-13.69,4.36,219.47,0,126.58,Reliable
6c7d50c24b3ccd2fd83b44d8bb34e073,SP,112,1.59,-11.91,4.4,263.67,0,123.03,Reliable
609e1a9a6c2539919b8205cf7c4e6ff0,SC,87,1.54,-17.22,3.38,388.0,0,133.67,Reliable
cb8bcce248bb1fb274ba762d8b971456,MG,66,1.49,-11.97,4.34,176.23,0,123.19,Reliable
751bdc4d83a466c7206cd42e8f426b03,SP,51,1.47,-11.81,3.6,87.8,0,122.89,Reliable
91f848e9f4be368f4318775aac733370,SP,60,1.43,-11.41,4.24,43.71,0,122.1,Reliable
582d4f8675b945722eda7c0cb61ba4c7,SP,59,1.41,-14.03,4.11,70.33,0,127.36,Reliable
e26901d5ab434ce92fd9b5c256820a4e,SP,197,1.4,-13.54,4.14,184.55,0,126.38,Reliable
520b493b57809f446cb0a233bb3e25c7,SP,63,1.37,-12.04,4.38,31.11,0,123.39,Reliable
ce27a3cc3c8cc1ea79d11e561e9bebb6,SP,122,1.32,-13.43,3.46,165.17,0,126.2,Reliable
c3cfdc648177fdbbbb35635a37472c53,PR,278,1.3,-16.3,4.43,678.27,0,131.95,Reliable
d921b68bf747894be13a97ae52b0f386,MG,77,1.3,-16.09,4.56,393.29,0,131.53,Reliable
9d5a9018aee56acb367ba9c3f05d1d6a,GO,66,1.28,-14.17,4.44,137.67,0,127.7,Reliable
6cd68b3ed6d59aaa9fece558ad360c0a,MG,149,1.27,-14.32,4.45,239.86,0,128.0,Reliable
259f7b5e6e482c230e5bfaa670b6bb8f,SP,136,1.23,-13.76,4.24,102.51,0,126.91,Reliable
744dac408745240a2c2528fb1b6028f3,PR,78,1.2,-16.83,4.55,250.89,0,133.06,Reliable
080199a181c46c657dc5aa235411be3b,SP,79,1.2,-9.65,4.55,135.08,0,118.7,Reliable
dfa0c4c6229ab200a4a1336b4d7128ff,SC,77,1.16,-15.51,4.01,92.89,0,130.44,Reliable
0df3984f9dfb3d49ac6366acbd3bbb85,MG,86,1.14,-14.81,4.34,194.91,0,129.05,Reliable
48162d548f5b1b11b9d29d1e01f75a61,SP,66,1.12,-12.85,3.82,139.62,0,125.14,Reliable
725c32fa80c2faacc4fc88450d27314e,SP,89,1.08,-12.23,4.44,51.72,0,123.92,Reliable
d12c926d74ceff0a90a21184466ce161,SP,76,1.03,-14.3,4.13,60.69,0,128.09,Reliable
5c243662ce92d84573bfaff24c3e3700,SP,98,1.0,-13.71,4.09,340.49,0,126.92,Reliable
530ec6109d11eaaf87999465c6afee01,PR,94,0.99,-17.2,4.32,178.22,0,133.91,Reliable
822166ed1e47908f7cfb49946d03c726,RJ,69,0.93,-12.72,3.85,76.17,0,124.97,Reliable
612170e34b97004b3ba37eae81836b4c,RS,107,0.91,-18.41,4.43,217.22,0,136.37,Reliable
17ca9b9e9b9ef8fdb529001b49ebb50f,MG,115,0.78,-14.09,4.03,50.07,0,127.79,Reliable
0ea22c1cfbdc755f86b9b54b39c16043,MG,234,0.75,-16.75,4.27,103.13,0,133.12,Reliable
12b9676b00f60f3b700e83af21824c0e,RS,133,0.75,-21.24,4.52,225.15,0,142.1,Reliable
ca3bd7cd9f149df75950150d010fe4a2,SP,68,0.74,-16.86,3.79,57.13,0,133.35,Reliable
0bae85eb84b9fb3bd773911e89288d54,SP,136,0.69,-15.25,4.23,207.73,0,130.16,Reliable
72bc2cce903c872fe376a8faaa81d237,SP,17,0.0,-8.5,4.44,0.0,0,117.0,Reliable
a2deecd5398f5df4987110c80a1972a3,SP,13,0.0,-13.69,4.31,0.0,0,127.38,Reliable
638cba8be1fb599bbb76fd6948351eb3,SP,16,0.0,-11.55,4.73,0.0,0,123.1,Reliable
141440cad9341e553f8401c574a2aa38,PR,11,0.0,-21.17,4.17,0.0,0,142.34,Reliable
c9a06ece156bb057372c68718ec8909b,DF,11,0.0,-32.91,3.36,0.0,0,165.82,Reliable
1430239a858e7682bbc43b20758af153,SP,17,0.0,-10.82,4.0,0.0,0,121.64,Reliable
c5f7e746b7e6d07def6c0dae9903279b,PR,10,0.0,-17.18,4.45,0.0,0,134.36,Reliable
62c50c1af4dfdc4149d25c5222043d39,SP,12,0.0,-16.88,3.47,0.0,0,133.76,Reliable
60562ab00b8054280520d390c8c0045c,SP,17,0.0,-14.29,4.76,0.0,0,128.58,Reliable
caa9bc43a9fe8cf9c564ddd8a03cc4a6,SP,13,0.0,-11.36,4.36,0.0,0,122.72,Reliable
c510bc1718f0f2961eaa42a23330681a,SP,12,0.0,-9.92,4.25,0.0,0,119.84,Reliable
1354d51653f645349064725ed204e85e,SP,18,0.0,-18.8,3.85,0.0,0,137.6,Reliable
cac63f48c38cd7d002a7e846dcd99a23,SP,10,0.0,-12.7,4.8,0.0,0,125.4,Reliable
cac876b37d3abcd6bd76caca30277996,PR,27,0.0,-14.82,4.42,0.0,0,129.64,Reliable
14a08204d03bb6b6bde8029f801ae0eb,SP,28,0.0,-15.79,3.82,0.0,0,131.58,Reliable
3bb548e3cb7f70f28e3f11ee9dce0e59,PR,46,0.0,-17.87,3.98,0.0,0,135.74,Reliable
6426d21aca402a131fc0a5d0960a3c90,SP,23,0.0,-13.52,4.17,0.0,0,127.04,Reliable
cb6c9f5888a7a090c75beaf615925792,ES,11,0.0,-11.18,3.82,0.0,0,122.36,Reliable
c3e1abd72a42fe690fcd89cf5720fe29,SP,13,0.0,-11.38,4.46,0.0,0,122.76,Reliable
cb9fb4ca75d7ba8437480e8dde64fe98,SP,10,0.0,-11.7,4.0,0.0,0,123.4,Reliable
5f7300535881cef3b625fd683cf7d145,RS,10,0.0,-13.0,4.45,0.0,0,126.0,Reliable
cbf09e831b0c11f6f23ffb51004db972,SP,10,0.0,-13.5,4.4,0.0,0,127.0,Reliable
cc3d14116804f7209f3884f6367f1152,PR,27,0.0,-17.3,4.67,0.0,0,134.6,Reliable
3969863bb8af7f72580b3b1ffd3a17b3,SP,12,0.0,-11.54,4.0,0.0,0,123.08,Reliable
659e8466eb3ff1b0e8740d74fb7bbedd,BA,11,0.0,-19.93,4.5,0.0,0,139.86,Reliable
cc63f0dd2acba93ffed4fe9f8e0321fa,SP,55,0.0,-12.32,4.05,0.0,0,124.64,Reliable
65b081a070633e057c462abdd6fb9dd8,GO,19,0.0,-17.7,4.35,0.0,0,135.4,Reliable
c2d70ce2c5d0a2eb75e78668236e6dc8,SP,13,0.0,-12.73,4.67,0.0,0,125.46,Reliable
65febd49fd28ec955651299159b1f527,SP,33,0.0,-13.47,4.34,0.0,0,126.94,Reliable
c26a2be5b53b7db6b276280da212a779,RJ,13,0.0,-11.94,2.72,0.0,0,123.88,Reliable
670a9dda115b5a88b18cfadee8de2332,SP,11,0.0,-17.82,4.45,0.0,0,135.64,Reliable
bf100ecb7997df312b285358fb32f92c,PR,20,0.0,-17.52,3.95,0.0,0,135.04,Reliable
bf00385a5f7fc1ef39a13c2e9ee50a5f,SP,28,0.0,-10.82,4.43,0.0,0,121.64,Reliable
671585f5a2af58b6e276bc01003c0d2b,PR,27,0.0,-13.96,4.7,0.0,0,127.92,Reliable
5f26c1408a65b42a7224cd463bdf3292,PR,10,0.0,-15.4,4.8,0.0,0,130.8,Reliable
cda598c48d7c614bc1cad7d8ff6f0010,SP,17,0.0,-13.78,3.94,0.0,0,127.56,Reliable
679769a98cfcc6da877c8486ff1c13f3,MG,21,0.0,-15.62,4.57,0.0,0,131.24,Reliable
bd697db56ff8e7c9cd1abeb7f72029b2,SP,21,0.0,-12.67,4.33,0.0,0,125.34,Reliable
bd4889b5e9133b35b66e42a8665cea5c,SP,36,0.0,-14.29,4.36,0.0,0,128.58,Reliable
5ef131ac72773e5b3f6c0d63cf424657,SP,10,0.0,-10.36,3.82,0.0,0,120.72,Reliable
5debea795b07621e1f90532e18f96145,PR,25,0.0,-17.42,4.27,0.0,0,134.84,Reliable
6806dad1da97bfb5a9038eac6881f706,PR,10,0.0,-13.79,4.07,0.0,0,127.58,Reliable
68f86ba270525243e68ae74044f992b9,RJ,10,0.0,-13.73,4.36,0.0,0,127.46,Reliable
c84592044b180dec206770c38603814b,SP,14,0.0,-13.29,4.43,0.0,0,126.58,Reliable
cf2384dd2f1dddea3f838efed0945e65,SP,16,0.0,-8.69,3.94,0.0,0,117.38,Reliable
cfa5ab0e4d3fc212fd0b3410e7081c62,MG,15,0.0,-15.7,3.65,0.0,0,131.4,Reliable
5cbbd5a299cab112b7bf23862255e43e,PR,36,0.0,-13.45,4.32,0.0,0,126.9,Reliable
cfd7ddab722b902f7ac5b5f3ba6d723d,MG,12,0.0,-12.46,4.54,0.0,0,124.92,Reliable
5c853bb56f70f4d14218944bae111d7a,SP,23,0.0,-11.96,4.04,0.0,0,123.92,Reliable
bc2ac6b95e1accce9858528ee566c17e,SP,18,0.0,-9.77,4.64,0.0,0,119.54,Reliable
bbf9ad41dca6603e614efcdad7aab8c4,CE,14,0.0,-21.71,4.5,0.0,0,143.42,Reliable
d06d019f72a04e5497a0b64190af170c,SP,17,0.0,-12.53,4.53,0.0,0,125.06,Reliable
5bffbafbb22daf6d3bfc216a46db8708,RJ,21,0.0,-16.65,4.7,0.0,0,133.3,Reliable
6a38087bc8ad4f89ff453561005f6dea,GO,15,0.0,-11.91,4.41,0.0,0,123.82,Reliable
bba74270a87732727b5a3b4fd9ac1c39,MG,35,0.0,-16.2,3.87,0.0,0,132.4,Reliable
0ff83046c3fa22efee8ecf291888b191,RS,10,0.0,-17.27,4.82,0.0,0,134.54,Reliable
bb5bd94c8f59cc050072d2930c869cac,SP,16,0.0,-11.24,4.24,0.0,0,122.48,Reliable
d1b9d4be4b6f9ebd85f8acd6745ba612,MG,11,0.0,-17.82,4.18,0.0,0,135.64,Reliable
3c010235b7345c92f125d14ee232a76b,PR,15,0.0,-9.13,4.67,0.0,0,118.26,Reliable
d1c7fa84e48cfa21a0e595167c1c500e,RS,12,0.0,-19.08,4.33,0.0,0,138.16,Reliable
bb135baca94c82fcb731335ad5b04a03,SP,18,0.0,-24.32,2.66,0.0,0,148.64,Reliable
0ebd97a106433a45a4aebe57c1799778,MG,31,0.0,-17.13,4.5,0.0,0,134.26,Reliable
6b15924333bd1a741595fe981ea04822,SP,21,0.0,-11.29,4.67,0.0,0,122.58,Reliable
5bc24d989e71e93c33e50a7782431b0e,MG,17,0.0,-16.53,4.35,0.0,0,133.06,Reliable
ba5daa4041e1f15cdf34b76e3e18a450,SP,15,0.0,-10.93,4.27,0.0,0,121.86,Reliable
5b85809efd0d0e4dea1a9544e1280ed9,SP,12,0.0,-17.0,4.36,0.0,0,134.0,Reliable
0eaa7e33d73809f1f925f7d07c506cbd,SP,15,0.0,-14.8,4.4,0.0,0,129.6,Reliable
b9a03475e6447e631b6799ec8274800f,PR,10,0.0,-21.27,4.27,0.0,0,142.54,Reliable
c72de06d72748d1a0dfb2125be43ba63,BA,21,0.0,-18.68,4.45,0.0,0,137.36,Reliable
3785b653b1b82de85ab47dd139938091,PR,21,0.0,-19.25,4.75,0.0,0,138.5,Reliable
b90e891671cffd9557f33a97dc523645,PR,34,0.0,-16.26,4.13,0.0,0,132.52,Reliable
d4910f1cdcfdabd48d6b316e395d4a23,SP,11,0.0,-10.33,4.92,0.0,0,120.66,Reliable
6b90f847357d8981edd79a1eb1bf0acb,SP,45,0.0,-9.06,4.36,0.0,0,118.12,Reliable
d4e4b5192cba4e0e66eb12a9d347239d,PR,11,0.0,-16.09,4.45,0.0,0,132.18,Reliable
d4f117125b59ce73c3302f88ee40c458,SP,17,0.0,-11.71,4.82,0.0,0,123.42,Reliable
d4ffeb15b67e81ff9af2b4252d99fb7e,SP,11,0.0,-13.17,3.58,0.0,0,126.34,Reliable
6bbcb8924baf70b7fe2fe2097e8cd407,SC,10,0.0,-18.64,4.55,0.0,0,137.28,Reliable
5b664594895aefb418afaee6d40a9a23,RJ,16,0.0,-12.09,3.64,0.0,0,124.18,Reliable
d566c37fa119d5e66c4e9052e83ee4ea,SP,65,0.0,-10.49,4.59,0.0,0,120.98,Reliable
d57e18d5f73c7ccb7f7339b61166898d,SP,61,0.0,-11.51,4.44,0.0,0,123.02,Reliable
6c12e40690c335dbc2f68a4134d30dc1,PR,16,0.0,-13.39,3.61,0.0,0,126.78,Reliable
1b1ae47a313a825a7ccceb8e2e30fa9d,PR,10,0.0,-14.2,3.8,0.0,0,128.4,Reliable
6d22a1fcebb6dd08c9cd90b92a93e8d0,SC,12,0.0,-10.23,4.31,0.0,0,120.46,Reliable
d66c11a9572221d92fbb8c4897db5f9b,RJ,16,0.0,-11.25,4.56,0.0,0,122.5,Reliable
6df688df543f90e9b38f4319e75a9d88,MG,39,0.0,-15.29,4.51,0.0,0,130.58,Reliable
5b51032eddd242adc84c38acab88f23d,MG,12,0.0,-15.5,3.79,0.0,0,131.0,Reliable
d6ab728cf30867cf3f1a2e216ae2f9b7,SP,12,0.0,-8.79,4.43,0.0,0,117.58,Reliable
3ca08eeb8d5595949fed424bd3677742,PR,13,0.0,-14.38,4.69,0.0,0,128.76,Reliable
b494891378bd8f4560abe576c52deacd,SP,19,0.0,-7.52,4.71,0.0,0,115.04,Reliable
b410bdd36d5db7a65dcd42b7ead933b8,GO,42,0.0,-15.45,4.81,0.0,0,130.9,Reliable
d8c7ba53e7e38711eaef8c2849d6d2e1,PR,22,0.0,-18.55,4.5,0.0,0,137.1,Reliable
b372ee768ed69e46ca8cdbd267aa7a38,SP,63,0.0,-19.39,4.39,0.0,0,138.78,Reliable
b347677812ea483b0f528eaf8cbc09b7,PR,21,0.0,-17.0,4.52,0.0,0,134.0,Reliable
d93844a9c55ba7ce353388bcf849ea56,PR,12,0.0,-9.5,4.21,0.0,0,119.0,Reliable
1b938a7ec6ac5061a66a3766e0e75f90,SP,29,0.0,-14.74,4.45,0.0,0,129.48,Reliable
6f83d9e4da896daae20b9b6b2d3ff8d2,PR,11,0.0,-15.09,4.36,0.0,0,130.18,Reliable
b2a6d334e2833acea353624840e25a0e,SP,25,0.0,-17.04,4.5,0.0,0,134.08,Reliable
3d2531eccfbde1d7c8db7a3a12fb267a,MG,10,0.0,-14.0,3.8,0.0,0,128.0,Reliable
b1fecf4da1fa2689bccffa0121953643,MS,19,0.0,-21.15,4.95,0.0,0,142.3,Reliable
1c5e4e49b9079480255b49d50aac1aa9,SP,12,0.0,-12.25,4.33,0.0,0,124.5,Reliable
b1ac6ea7895bc3dd6f0f6f4abbdd2821,RS,38,0.0,-16.82,4.53,0.0,0,133.64,Reliable
b1aaae6b66ad3c40f54b389d7ea4bee0,SP,15,0.0,-19.41,4.47,0.0,0,138.82,Reliable
da6a60cc8cc724fe51be021ff8be779c,RJ,12,0.0,-14.08,4.77,0.0,0,128.16,Reliable
b1a81260566c1bac3114a6d124413f27,RS,51,0.0,-16.76,4.22,0.0,0,133.52,Reliable
5a05a16bb50629ee31afab8a6d4c2674,RS,14,0.0,-12.0,4.0,0.0,0,124.0,Reliable
59cea8e446d3834393058e7e0666b6fb,PR,10,0.0,-16.5,4.6,0.0,0,133.0,Reliable
3f8034bfc6b8b4135534975d49f04c63,PR,11,0.0,-17.79,3.36,0.0,0,135.58,Reliable
3504c0cb71d7fa48d967e0e4c94d59d9,SP,53,0.0,-10.79,4.42,0.0,0,121.58,Reliable
db46ca7bce82b11f7e247539271fc390,RJ,16,0.0,-13.44,4.56,0.0,0,126.88,Reliable
b16d3dadc47d4eb18be3d88bad0775ce,RS,10,0.0,-22.27,4.36,0.0,0,144.54,Reliable
34d1ca11b242c0fee2c834ae8d788566,MG,40,0.0,-14.02,4.2,0.0,0,128.04,Reliable
b080809eaacb49e5ca07290981472431,MG,11,0.0,-10.36,4.82,0.0,0,120.72,Reliable
596849622429351f47b32e6cae1055ff,SP,13,0.0,-9.92,3.77,0.0,0,119.84,Reliable
ade45994b717ccee333492330fbf037b,PR,10,0.0,-25.2,4.5,0.0,0,150.4,Reliable
59417c56835dd8e2e72f91f809cd4092,SP,18,0.0,-21.22,4.28,0.0,0,142.44,Reliable
3481aa57cd91f9f9d3fa1fa12d9a3bf7,SP,25,0.0,-16.88,3.88,0.0,0,133.76,Reliable
5882820ef11c4c068eea0677a7a879b4,RS,14,0.0,-17.36,3.86,0.0,0,134.72,Reliable
6338ea67c41078a46ad99cc009654956,RS,37,0.0,-15.77,4.3,0.0,0,131.54,Reliable
ad273c9eb54ecb4532de4bf75bae9e4e,PR,10,0.0,-12.73,3.82,0.0,0,125.46,Reliable
acce39e832338debb07b02385cde5967,MG,44,0.0,-10.3,4.48,0.0,0,120.6,Reliable
de0c78824586e9a5f5f04fd84e25df39,SP,14,0.0,-20.12,4.44,0.0,0,140.24,Reliable
57e632711dec9ec14ca7546769483e7e,SC,62,0.0,-16.89,4.45,0.0,0,133.78,Reliable
acb6c2ca5c82411c1fdb88d5fd5eb95e,SP,10,0.0,-15.73,3.73,0.0,0,131.46,Reliable
33cbbec1e7e1044aaf11d152172c776f,RS,15,0.0,-16.06,4.69,0.0,0,132.12,Reliable
df0f42bc4c2142eacf0eaf2cffd0cfbb,SC,14,0.0,-9.56,4.06,0.0,0,119.12,Reliable
1dcfa3835714681d4ba4a93bc1e0fd41,SP,12,0.0,-15.5,3.79,0.0,0,131.0,Reliable
abc015ebac1d283a323ca9db35ede4b9,SP,12,0.0,-14.92,4.38,0.0,0,129.84,Reliable
df91910b6a03bb2e3358fa6a35e32f6f,SP,13,0.0,-13.31,4.62,0.0,0,126.62,Reliable
aae3bfea055532c57fb453ed3ec80b30,SP,48,0.0,-14.12,3.48,0.0,0,128.24,Reliable
dfc475d54e1b6dbeeb7d7d9bdaa63827,PR,18,0.0,-15.4,4.55,0.0,0,130.8,Reliable
aac51c486b672a9850d59f3e84b1cf88,SP,10,0.0,-7.62,4.77,0.0,0,115.24,Reliable
718539d38d07dd351c76db862760e2e2,SP,35,0.0,-14.12,4.49,0.0,0,128.24,Reliable
3fac58ce0ad699020c7944d53c41329c,SP,10,0.0,-6.94,4.56,0.0,0,113.88,Reliable
a8739afb32aaa45e01815ca76f76f54b,SP,13,0.0,-10.0,3.47,0.0,0,120.0,Reliable
7238a95bb63ef7e498389fb863b834a1,SP,15,0.0,-9.53,4.73,0.0,0,119.06,Reliable
e1dc0754bada9ee4cfe9713f22f61292,RJ,12,0.0,-13.08,3.83,0.0,0,126.16,Reliable
e21a1e8be4715b0fcfd5385643bc49c4,SC,20,0.0,-11.17,3.7,0.0,0,122.34,Reliable
2059c39f76271d4ca3f15b5ffaccc8b8,PR,12,0.0,-13.33,4.5,0.0,0,126.66,Reliable
a425f92c199eb576938df686728acd20,PR,16,0.0,-14.72,4.56,0.0,0,129.44,Reliable
e256a62e0ac58c0edfba09966142d561,PR,12,0.0,-16.64,4.5,0.0,0,133.28,Reliable
c731d18cea9bf687ffee82a241c25b11,SC,24,0.0,-16.96,3.81,0.0,0,133.92,Reliable
a369d693961cb93b61ca2cc518872a85,SP,11,0.0,-15.78,4.11,0.0,0,131.56,Reliable
e2c92f9c1c7746d899d18f2e158bbff7,SP,12,0.0,-10.08,4.58,0.0,0,120.16,Reliable
c6381d2d013342748761e906d45aff76,RS,15,0.0,-14.54,3.0,0.0,0,129.08,Reliable
55d3daac7c404d59e51c2aa2f4dc5a23,SP,21,0.0,-12.14,3.93,0.0,0,124.28,Reliable
403aa86912527d730337ffcb0fb096ab,MG,11,0.0,-12.0,3.64,0.0,0,124.0,Reliable
e48b04bf1aa1ef711caebeb7aede6180,PR,25,0.0,-15.64,4.48,0.0,0,131.28,Reliable
e48cc16ab70bfa09e1401740dce0b3d7,SP,14,0.0,-10.24,3.24,0.0,0,120.48,Reliable
e49c26c3edfa46d227d5121a6b6e4d37,PE,34,0.0,-19.54,4.51,0.0,0,139.08,Reliable
094ced053e257ae8cae57205592d6712,SP,19,0.0,-15.68,4.05,0.0,0,131.36,Reliable
73a63f72308aa20a46f4b1632018f196,PR,27,0.0,-15.29,4.2,0.0,0,130.58,Reliable
557f22c76691849db52d2abccf0015d0,GO,12,0.0,-15.62,3.08,0.0,0,131.24,Reliable
21e83881401b92b49fb09a16d3852291,MG,12,0.0,-13.23,4.77,0.0,0,126.46,Reliable
40d54b51e962dbe09cabbcfd33298dee,SP,30,0.0,-12.48,3.9,0.0,0,124.96,Reliable
54583ab379489add547fe47b628db589,SP,10,0.0,-6.2,4.8,0.0,0,112.4,Reliable
e601b04acf48b4576e73ddca9481f0dc,SP,15,0.0,-16.38,3.88,0.0,0,132.76,Reliable
e627629ba868740e287800f1a9be81c2,SP,11,0.0,-11.45,4.91,0.0,0,122.9,Reliable
08d0949a9a17c027262db1f3c450c26c,PR,12,0.0,-11.75,3.75,0.0,0,123.5,Reliable
226b05fe067266c59c15dae208213d06,PR,10,0.0,-13.73,4.18,0.0,0,127.46,Reliable
54065e9aef7e9e9c2dc23b7594db021a,RJ,12,0.0,-22.75,4.33,0.0,0,145.5,Reliable
e6a69c4a27dfdd98ffe5aa757ad744bc,SP,21,0.0,-16.04,4.3,0.0,0,132.08,Reliable
33ac3e28642ab8bda860a2f693000e78,SP,34,0.0,-13.06,4.23,0.0,0,126.12,Reliable
9d681c7e12db302cb261e721040dde65,PR,13,0.0,-15.5,4.93,0.0,0,131.0,Reliable
e7f3bf1ecd8526eb7f3b18059e6716e5,SP,17,0.0,-15.39,4.44,0.0,0,130.78,Reliable
0885aaf116795758dfeb5f1032487bcd,SP,27,0.0,-11.45,4.24,0.0,0,122.9,Reliable
9d5604a1f112324ad6b2aa552122e0fb,SP,13,0.0,-14.18,3.65,0.0,0,128.36,Reliable
e882b2a25a10b9c057cc49695f222c19,RJ,57,0.0,-18.95,4.59,0.0,0,137.9,Reliable
9c690ceacd5c66731bf443ea810195cb,MG,10,0.0,-17.17,4.42,0.0,0,134.34,Reliable
9baf5cb77970f539089d09a38bcec5c3,SP,31,0.0,-17.97,4.44,0.0,0,135.94,Reliable
768de2a4fc06aacecb9a586ccc30746a,DF,13,0.0,-12.46,4.38,0.0,0,124.92,Reliable
08084d990eb3f53af056ccbc1730c8a7,SP,12,0.0,-15.75,4.08,0.0,0,131.5,Reliable
9a84ba99f5367fdbd4598363496f1ea2,GO,15,0.0,-22.27,3.8,0.0,0,144.54,Reliable
e9511df20ccd82658a30c37b7fb343af,SP,22,0.0,-13.63,4.47,0.0,0,127.26,Reliable
257e61d3251fb5efb9daadddbc2cf7ca,PR,12,0.0,-17.67,4.75,0.0,0,135.34,Reliable
985c92cc412091f8529c12d7f23d3fef,MG,12,0.0,-14.0,4.75,0.0,0,128.0,Reliable
334cab711dee080b079fa5779b584783,SP,11,0.0,-14.46,4.96,0.0,0,128.92,Reliable
9803a40e82e45418ab7fb84091af5231,GO,11,0.0,-21.44,3.11,0.0,0,142.88,Reliable
e9c6969d40e6a3d2d0f90013165c2b98,SP,10,0.0,-18.3,4.4,0.0,0,136.6,Reliable
07bf9669d84d1f11be443a9dd938f698,SP,18,0.0,-19.13,3.25,0.0,0,138.26,Reliable
77e4abfd739aed9c46480f90f81c0eb4,DF,18,0.0,-15.5,4.78,0.0,0,131.0,Reliable
52f9db5cfb423382a2fa5c9e39303202,SP,21,0.0,-14.68,4.32,0.0,0,129.36,Reliable
77fccaae319668a8ab6cd0fd16aec48c,RJ,11,0.0,-11.42,4.33,0.0,0,122.84,Reliable
41ab63a91b8b264e8c8780368bf1dd5b,MG,12,0.0,-22.31,4.23,0.0,0,144.62,Reliable
06e5eefc71ec47ae763c5c6f8db7064f,RS,90,0.0,-16.91,3.87,0.0,0,133.82,Reliable
968268a686aa05d1f529fb07dff08130,SP,12,0.0,-11.83,3.5,0.0,0,123.66,Reliable
788e857f317e53de488d393e65a80f45,SP,11,0.0,-13.82,4.91,0.0,0,127.64,Reliable
9616352088dcf83a7c06637f4ebf1c80,PR,91,0.0,-15.41,4.29,0.0,0,130.82,Reliable
960945e1a9535cbc0cd6ddd35fbe7ae8,SP,28,0.0,-10.1,4.66,0.0,0,120.2,Reliable
06bb3a2fe5e7b7a845b13e8fb91bd944,MG,17,0.0,-13.83,4.61,0.0,0,127.66,Reliable
79ed755314cfe6df0daef2c6cd3022cd,SP,23,0.0,-13.32,4.32,0.0,0,126.64,Reliable
94e93ce877be27a515118dbfd2c2be41,SP,29,0.0,-11.5,3.91,0.0,0,123.0,Reliable
7a2d2949aea47fab95fd98d6c9f618b1,PR,11,0.0,-17.83,4.25,0.0,0,135.66,Reliable
ed4acab38528488b65a9a9c603ff024a,SP,31,0.0,-12.67,3.79,0.0,0,125.34,Reliable
52562a9f449c3dc3d53f5f5b9ed74903,RN,14,0.0,-18.43,4.79,0.0,0,136.86,Reliable
93b9a99027bd8bd6af682aff18dd19bf,SP,19,0.0,-17.5,3.95,0.0,0,135.0,Reliable
25e47381a6c510ddeb36084e33b89f0c,SP,16,0.0,-13.12,4.06,0.0,0,126.24,Reliable
51e4e89242cbb846c2deff3dc015650e,RS,16,0.0,-16.0,4.62,0.0,0,132.0,Reliable
916c9de0b5ad957346eeeb12f332687e,PR,22,0.0,-19.07,4.37,0.0,0,138.14,Reliable
eed78ac17f7f795a19a709745f00cd4e,SP,22,0.0,-13.02,3.41,0.0,0,126.04,Reliable
51702dc2a3e106c76dbff722b5bf0726,SP,13,0.0,-14.21,4.36,0.0,0,128.42,Reliable
916748bc99315c2d202898ae58b1617e,SP,25,0.0,-9.69,4.34,0.0,0,119.38,Reliable
8ff1a9df749e454105c55cda13e79143,SP,13,0.0,-9.86,2.93,0.0,0,119.72,Reliable
8f78f0903005064036736c7173a5c2ed,MG,13,0.0,-14.38,3.48,0.0,0,128.76,Reliable
325f3178fb58e2a9778334621eecdbf9,SP,36,0.0,-12.04,4.46,0.0,0,124.08,Reliable
26785a546900236d66f2e4197c211158,SP,15,0.0,-18.73,4.67,0.0,0,137.46,Reliable
7ade73f1b9b4e965f9009a4c3a7e2c15,SP,26,0.0,-13.59,4.78,0.0,0,127.18,Reliable
f08a5b9dd6767129688d001acafc21e5,RS,11,0.0,-8.44,3.44,0.0,0,116.88,Reliable
8ed8ea9a57c862f2c18c2fe41f601d56,SC,19,0.0,-15.74,4.47,0.0,0,131.48,Reliable
5160d23075764e18e07c1f4a87fad743,SP,33,0.0,-9.45,4.45,0.0,0,118.9,Reliable
f0e103c63864d5405b958d984b6e94c9,SP,11,0.0,-12.0,4.73,0.0,0,124.0,Reliable
512d298ac2a96d1931b6bd30aa21f61d,RJ,11,0.0,-14.67,4.25,0.0,0,129.34,Reliable
26af45f5dfd967225a832838aa4e24a3,PR,10,0.0,-13.82,4.18,0.0,0,127.64,Reliable
41b86b552e54e3a7009596125aa8b167,SP,10,0.0,-18.0,4.36,0.0,0,136.0,Reliable
5075aaa8404020ae6aa8bf4792099b41,MG,10,0.0,-10.33,4.13,0.0,0,120.66,Reliable
f1fd5ab1181f827ffad998c1a5de7d74,PR,15,0.0,-12.87,4.67,0.0,0,125.74,Reliable
41c2bad7229b0c25e6becf179ebf63ff,RN,20,0.0,-16.04,4.96,0.0,0,132.08,Reliable
31561f325664a8a7aba4c8d0c3a9b3db,SP,36,0.0,-9.66,4.58,0.0,0,119.32,Reliable
41da412d33e8da4f22baf55cb1bde82c,ES,15,0.0,-19.19,4.71,0.0,0,138.38,Reliable
f3b80352b986ab4d1057a4b724be19d0,DF,86,0.0,-13.0,4.16,0.0,0,126.0,Reliable
f3c38ab652836d21de61fb8314b69182,SP,15,0.0,-11.13,4.27,0.0,0,122.26,Reliable
26d6bbee02420494d471c9f6436929c0,PR,12,0.0,-10.62,4.69,0.0,0,121.24,Reliable
f41ce2e25237f9092cd8e6e7516c7a2f,SP,26,0.0,-14.26,4.44,0.0,0,128.52,Reliable
f435898e493ba0356019a0b1cb8b55b1,PR,10,0.0,-21.67,4.33,0.0,0,143.34,Reliable
f44b6f775a2b390380e0e30b5c9d3eee,SP,10,0.0,-12.3,4.9,0.0,0,124.6,Reliable
8daab2245ebdc277c51098d01c5ad8ef,SP,16,0.0,-17.38,4.63,0.0,0,134.76,Reliable
30a81d8cf85fb2ada1b1b094c9583a95,SP,17,0.0,-7.6,4.85,0.0,0,115.2,Reliable
3092c0b297aacfb4bb6e056ebe13b9b8,SP,16,0.0,-26.94,4.18,0.0,0,153.88,Reliable
f4a04f7be452aa3bb31760bf00055dd0,SP,18,0.0,-19.89,4.67,0.0,0,139.78,Reliable
270297ead4c65a6cd2593960d2af6b21,SP,17,0.0,-13.68,3.74,0.0,0,127.36,Reliable
42ef3192a9ff87a22d1867b74b3ee205,SP,23,0.0,-11.04,4.65,0.0,0,122.08,Reliable
272f092de69afedd4d2969440b37f18f,SP,25,0.0,-15.95,3.87,0.0,0,131.9,Reliable
f52c2422904463fdd7741f99045fecb6,SP,12,0.0,-10.38,4.31,0.0,0,120.76,Reliable
8ae520247981aa06bc94abddf5f46d34,SC,65,0.0,-16.45,4.45,0.0,0,132.9,Reliable
4da0e408c99d2fdc2126dc9fce518060,PR,44,0.0,-21.94,4.44,0.0,0,143.88,Reliable
f5b44895715ddfe3087dc414f30268f3,SP,19,0.0,-9.74,4.0,0.0,0,119.48,Reliable
8ab42aa58097fd4668d60cc648225d5f,GO,20,0.0,-17.35,4.15,0.0,0,134.7,Reliable
42fa4ee7240e9b8eb4576358ec142ba7,RS,22,0.0,-15.68,4.59,0.0,0,131.36,Reliable
8a2d12a90e92f012ce5226fc6592b653,PR,18,0.0,-15.94,4.33,0.0,0,131.88,Reliable
7e26c750b4cb9f6766f58265ff9ebe95,MG,23,0.0,-14.04,4.41,0.0,0,128.08,Reliable
89f69225956f951295ca4c7fb1266553,RJ,11,0.0,-18.58,4.33,0.0,0,137.16,Reliable
02ecc2a19303f05e59ce133fd923fff7,SP,21,0.0,-15.04,4.54,0.0,0,130.08,Reliable
f67efa3f0b6761102a7f8c6b7b571f5d,PR,31,0.0,-18.19,4.44,0.0,0,136.38,Reliable
89a51f50b8095ea78d5768f34c13a76f,DF,10,0.0,-12.64,4.73,0.0,0,125.28,Reliable
88cf19ec1fc2c58f161aee259d57142c,SP,14,0.0,-13.29,4.5,0.0,0,126.58,Reliable
02c988090b766852e088c69d7fb3b551,SP,12,0.0,-10.81,4.69,0.0,0,121.62,Reliable
888faa8bfb0b159c37de6d898b961c31,SC,19,0.0,-15.91,3.87,0.0,0,131.82,Reliable
2f74af7a0ee5636f12c2336f9fffed47,SP,13,0.0,-8.77,4.31,0.0,0,117.54,Reliable
2f4b0d3b9634b647d4edee577d7ebb7e,SP,10,0.0,-7.91,4.91,0.0,0,115.82,Reliable
4bf2f4ee540798a61f9636d12cd9cc80,SP,29,0.0,-12.4,4.17,0.0,0,124.8,Reliable
4305fe92735c8a43d154ff6dd2b8d927,MG,17,0.0,-10.42,4.11,0.0,0,120.84,Reliable
7ff588a03c2aeae4fbd23f9ae64b760d,SP,14,0.0,-9.56,4.69,0.0,0,119.12,Reliable
2addf05f476d0637864454e93ba673d5,DF,12,0.0,-15.08,5.0,0.0,0,130.16,Reliable
8603f0038fe0e52fedd3382d266723de,SC,10,0.0,-11.8,4.4,0.0,0,123.6,Reliable
4b0fdb526525f9890eb145bf1534640e,SP,18,0.0,-9.3,3.95,0.0,0,118.6,Reliable
01bcc9d254a0143f0ce9791b960b2a47,GO,10,0.0,-18.3,4.4,0.0,0,136.6,Reliable
f9244d45189d3a3605499abddeade7d5,SP,20,0.0,-24.25,4.35,0.0,0,148.5,Reliable
8602a61d680a10a82cceeeda0d99ea3d,SP,17,0.0,-11.05,4.47,0.0,0,122.1,Reliable
f9903dd0f812c7e771fcad47b6fff231,SC,10,0.0,-18.07,2.93,0.0,0,136.14,Reliable
fa1a9dec3a9940c072684a46728bf1fc,SC,55,0.0,-14.98,3.92,0.0,0,129.96,Reliable
014d9a685fd57276679edd00e07089e5,PR,11,0.0,-12.58,3.83,0.0,0,125.16,Reliable
431050a06a317f2b38168dec3dcd2b46,SP,10,0.0,-14.1,4.5,0.0,0,128.2,Reliable
fad44952713764836814be105382aee5,RJ,32,0.0,-11.97,4.28,0.0,0,123.94,Reliable
fb3cfbc8a86f5d7fbb4d36b8df63f60d,RJ,10,0.0,-16.67,3.13,0.0,0,133.34,Reliable
2b3e4a2a3ea8e01938cabda2a3e5cc79,SP,52,0.0,-11.96,4.39,0.0,0,123.92,Reliable
49e7217cfe4e427191c378ec626d8737,MG,12,0.0,-11.0,4.15,0.0,0,122.0,Reliable
fc906263ca5083d09dce42fe02247800,MG,112,0.0,-14.8,4.38,0.0,0,129.6,Reliable
817f85dbb65aa3e70831d90fe75cdf89,SP,11,0.0,-25.55,4.55,0.0,0,151.1,Reliable
4978a02ea9c8be7a9b5480680f40334e,SP,18,0.0,-9.95,3.58,0.0,0,119.9,Reliable
013900e863eace745d3ec7614cab5b1a,PR,23,0.0,-16.12,4.73,0.0,0,132.24,Reliable
845e8036c3f7bf62099352f5ed910240,RJ,21,0.0,-13.46,3.83,0.0,0,126.92,Reliable
2c4c47cb51acd5ea5db5e0ae0e26542a,SP,12,0.0,-13.33,4.6,0.0,0,126.66,Reliable
83645b1645cdee8953ee54c29ceed564,PR,14,0.0,-14.0,4.43,0.0,0,128.0,Reliable
49067458c68f7701fd334ce326accbe0,MG,17,0.0,-13.97,3.32,0.0,0,127.94,Reliable
48efc9d94a9834137efd9ea76b065a38,PR,33,0.0,-24.35,5.0,0.0,0,148.7,Reliable
2d42ebcda99fd55f6f4bc2f1ca035d50,GO,10,0.0,-14.55,4.0,0.0,0,129.1,Reliable
2d518637f53161b973e01f56ea4bb88e,SP,13,0.0,-21.62,4.92,0.0,0,143.24,Reliable
81f89e42267213cb94da7ddc301651da,SP,46,0.0,-9.77,3.54,0.0,0,119.54,Reliable
82cb9f452fe8334df74b22d37824b431,RS,14,0.0,-17.06,4.72,0.0,0,134.12,Reliable
ff4e2d38692ce827b1a4f4b8196e680d,SP,11,0.0,-14.09,4.27,0.0,0,128.18,Reliable
47efca563408aae19bb7206c2d969ea9,PI,11,0.0,-15.0,4.36,0.0,0,130.0,Reliable
ffa6adafb71b807dc13159e26431354c,PR,17,0.0,-12.71,3.94,0.0,0,125.42,Reliable
ffad1e7127fb622cb64a900751590acd,SP,10,0.0,-10.27,4.87,0.0,0,120.54,Reliable
4736e9d642ef4257cd7622516931eb51,SP,16,0.0,-14.15,4.15,0.0,0,128.3,Reliable
ffdd9f82b9a447f6f8d4b91554cc7dd3,PR,18,0.0,-12.2,4.25,0.0,0,124.4,Reliable
63a79f5a7eb5cb48a7e5787b141c7993,MG,11,0.0,-14.09,4.55,0.0,0,128.18,Reliable
a23266650e7c84bb93fbbba502137478,RS,11,0.0,-18.63,3.25,0.0,0,137.26,Reliable
